user1_id,choice_type,game_nr,m_points,coopcoop,coopdeflect,deflectcoop,deflectdeflect,user2_id,choice_type2,game2_nr,m_points2,coopcoop2,coopdeflect2,deflectcoop2,deflectdeflect2,ID
2045,Coop,0,108,8,20,-12,-5,2047,Coop,0,108,8,20,-12,-5,108683
2047,Coop,0,116,8,20,-12,-5,2045,Coop,0,116,8,20,-12,-5,108684
2045,Coop,0,124,8,20,-12,-5,2047,Coop,0,124,8,20,-12,-5,108685
2047,Coop,0,132,8,20,-12,-5,2045,Coop,0,132,8,20,-12,-5,108686
2045,Coop,0,140,8,20,-12,-5,2047,Coop,0,140,8,20,-12,-5,108687
2047,Coop,0,148,8,20,-12,-5,2045,Coop,0,148,8,20,-12,-5,108688
2045,Coop,0,156,8,20,-12,-5,2047,Coop,0,156,8,20,-12,-5,108689
2047,Coop,0,164,8,20,-12,-5,2045,Coop,0,164,8,20,-12,-5,108690
2045,Coop,0,172,8,20,-12,-5,2047,Coop,0,172,8,20,-12,-5,108691
2047,Coop,0,180,8,20,-12,-5,2045,Coop,0,180,8,20,-12,-5,108692
2045,Coop,0,188,8,20,-12,-5,2047,Coop,0,188,8,20,-12,-5,108693
2047,Coop,0,196,8,20,-12,-5,2045,Coop,0,196,8,20,-12,-5,108694
2045,Coop,0,204,8,20,-12,-5,2047,Coop,0,204,8,20,-12,-5,108695
2047,Coop,0,212,8,20,-12,-5,2045,Coop,0,212,8,20,-12,-5,108696
2045,Coop,0,220,8,20,-12,-5,2047,Coop,0,220,8,20,-12,-5,108697
2047,Coop,0,228,8,20,-12,-5,2045,Coop,0,228,8,20,-12,-5,108698
2045,Coop,0,236,8,20,-12,-5,2047,Coop,0,236,8,20,-12,-5,108699
2047,Coop,0,244,8,20,-12,-5,2045,Coop,0,244,8,20,-12,-5,108700
2045,Coop,0,252,8,20,-12,-5,2047,Coop,0,252,8,20,-12,-5,108701
2047,Coop,0,260,8,20,-12,-5,2045,Coop,0,260,8,20,-12,-5,108702
2045,Coop,0,268,8,20,-12,-5,2047,Coop,0,268,8,20,-12,-5,108703
2047,Coop,0,276,8,20,-12,-5,2045,Coop,0,276,8,20,-12,-5,108704
2045,Coop,0,284,8,20,-12,-5,2047,Coop,0,284,8,20,-12,-5,108705
2047,Coop,0,292,8,20,-12,-5,2045,Coop,0,292,8,20,-12,-5,108706
2045,Coop,0,300,8,20,-12,-5,2047,Coop,0,300,8,20,-12,-5,108707
2047,Coop,0,308,8,20,-12,-5,2045,Coop,0,308,8,20,-12,-5,108708
2045,Coop,0,316,8,20,-12,-5,2047,Coop,0,316,8,20,-12,-5,108709
2047,Coop,0,324,8,20,-12,-5,2045,Coop,0,324,8,20,-12,-5,108710
2045,Coop,0,332,8,20,-12,-5,2047,Coop,0,332,8,20,-12,-5,108711
2047,Coop,0,340,8,20,-12,-5,2045,Coop,0,340,8,20,-12,-5,108712
2045,Coop,0,348,8,20,-12,-5,2047,Coop,0,348,8,20,-12,-5,108713
2047,Coop,0,356,8,20,-12,-5,2045,Coop,0,356,8,20,-12,-5,108714
2045,Coop,0,364,8,20,-12,-5,2047,Coop,0,364,8,20,-12,-5,108715
2047,Coop,0,372,8,20,-12,-5,2045,Coop,0,372,8,20,-12,-5,108716
2045,Coop,0,380,8,20,-12,-5,2047,Coop,0,380,8,20,-12,-5,108717
2047,Coop,0,388,8,20,-12,-5,2045,Coop,0,388,8,20,-12,-5,108718
2045,Coop,0,396,8,20,-12,-5,2047,Coop,0,396,8,20,-12,-5,108719
2047,Coop,0,404,8,20,-12,-5,2045,Coop,0,404,8,20,-12,-5,108720
2045,Coop,0,412,8,20,-12,-5,2047,Coop,0,412,8,20,-12,-5,108721
2047,Coop,0,420,8,20,-12,-5,2045,Coop,0,420,8,20,-12,-5,108722
2045,Coop,0,428,8,20,-12,-5,2047,Coop,0,428,8,20,-12,-5,108723
2047,Coop,0,436,8,20,-12,-5,2045,Coop,0,436,8,20,-12,-5,108724
2045,Coop,0,444,8,20,-12,-5,2047,Coop,0,444,8,20,-12,-5,108725
2047,Coop,0,452,8,20,-12,-5,2045,Coop,0,452,8,20,-12,-5,108726
2045,Coop,0,460,8,20,-12,-5,2047,Coop,0,460,8,20,-12,-5,108727
2047,Coop,0,468,8,20,-12,-5,2045,Coop,0,468,8,20,-12,-5,108728
2045,Coop,0,476,8,20,-12,-5,2047,Coop,0,476,8,20,-12,-5,108729
2047,Coop,0,484,8,20,-12,-5,2045,Coop,0,484,8,20,-12,-5,108730
2045,Coop,0,492,8,20,-12,-5,2047,Coop,0,492,8,20,-12,-5,108731
2047,Coop,0,500,8,20,-12,-5,2045,Coop,0,500,8,20,-12,-5,108732
2045,Coop,0,508,8,20,-12,-5,2047,Coop,0,508,8,20,-12,-5,108733
2047,Coop,0,516,8,20,-12,-5,2045,Coop,0,516,8,20,-12,-5,108734
2045,Coop,0,524,8,20,-12,-5,2047,Coop,0,524,8,20,-12,-5,108735
2047,Coop,0,532,8,20,-12,-5,2045,Coop,0,532,8,20,-12,-5,108736
2045,Coop,0,540,8,20,-12,-5,2047,Coop,0,540,8,20,-12,-5,108737
2047,Coop,0,548,8,20,-12,-5,2045,Coop,0,548,8,20,-12,-5,108738
2045,Coop,0,556,8,20,-12,-5,2047,Coop,0,556,8,20,-12,-5,108739
2047,Coop,0,564,8,20,-12,-5,2045,Coop,0,564,8,20,-12,-5,108740
2045,Coop,0,572,8,20,-12,-5,2047,Coop,0,572,8,20,-12,-5,108741
2047,Coop,0,580,8,20,-12,-5,2045,Coop,0,580,8,20,-12,-5,108742
2045,Coop,0,588,8,20,-12,-5,2047,Coop,0,588,8,20,-12,-5,108743
2047,Coop,0,596,8,20,-12,-5,2045,Coop,0,596,8,20,-12,-5,108744
2045,Coop,0,604,8,20,-12,-5,2047,Coop,0,604,8,20,-12,-5,108745
2047,Buy,0,604,8,20,-12,-5,2047,Buy,0,104,9,21,-11,-4,108746
2047,Coop,0,113,9,21,-11,-4,2045,Coop,0,612,8,20,-12,-5,108747
2045,Coop,0,620,8,20,-12,-5,2047,Coop,0,122,9,21,-11,-4,108748
2047,Coop,0,131,9,21,-11,-4,2045,Coop,0,628,8,20,-12,-5,108749
2045,Coop,0,636,8,20,-12,-5,2047,Coop,0,140,9,21,-11,-4,108750
2047,Coop,0,149,9,21,-11,-4,2045,Coop,0,644,8,20,-12,-5,108751
2045,Coop,0,652,8,20,-12,-5,2047,Coop,0,158,9,21,-11,-4,108752
2047,Coop,0,167,9,21,-11,-4,2045,Coop,0,660,8,20,-12,-5,108753
2045,Coop,0,668,8,20,-12,-5,2047,Coop,0,176,9,21,-11,-4,108754
2047,Coop,0,185,9,21,-11,-4,2045,Coop,0,676,8,20,-12,-5,108755
2045,Coop,0,684,8,20,-12,-5,2047,Coop,0,194,9,21,-11,-4,108756
2047,Coop,0,203,9,21,-11,-4,2045,Coop,0,692,8,20,-12,-5,108757
2045,Coop,0,700,8,20,-12,-5,2047,Coop,0,212,9,21,-11,-4,108758
2047,Coop,0,221,9,21,-11,-4,2045,Coop,0,708,8,20,-12,-5,108759
2045,Coop,0,716,8,20,-12,-5,2047,Coop,0,230,9,21,-11,-4,108760
2047,Coop,0,239,9,21,-11,-4,2045,Coop,0,724,8,20,-12,-5,108761
2045,Coop,0,732,8,20,-12,-5,2047,Coop,0,248,9,21,-11,-4,108762
2047,Coop,0,257,9,21,-11,-4,2045,Coop,0,740,8,20,-12,-5,108763
2045,Coop,0,748,8,20,-12,-5,2047,Coop,0,266,9,21,-11,-4,108764
2047,Coop,0,275,9,21,-11,-4,2045,Coop,0,756,8,20,-12,-5,108765
2045,Coop,0,764,8,20,-12,-5,2047,Coop,0,284,9,21,-11,-4,108766
2047,Coop,0,293,9,21,-11,-4,2045,Coop,0,772,8,20,-12,-5,108767
2045,Coop,0,780,8,20,-12,-5,2047,Coop,0,302,9,21,-11,-4,108768
2047,Coop,0,311,9,21,-11,-4,2045,Coop,0,788,8,20,-12,-5,108769
2045,Coop,0,796,8,20,-12,-5,2047,Coop,0,320,9,21,-11,-4,108770
2047,Coop,0,329,9,21,-11,-4,2045,Coop,0,804,8,20,-12,-5,108771
2045,Coop,0,812,8,20,-12,-5,2047,Coop,0,338,9,21,-11,-4,108772
2047,Coop,0,347,9,21,-11,-4,2045,Coop,0,820,8,20,-12,-5,108773
2045,Coop,0,828,8,20,-12,-5,2047,Coop,0,356,9,21,-11,-4,108774
2047,Coop,0,365,9,21,-11,-4,2045,Coop,0,836,8,20,-12,-5,108775
2045,Coop,0,844,8,20,-12,-5,2047,Coop,0,374,9,21,-11,-4,108776
2047,Coop,0,383,9,21,-11,-4,2045,Coop,0,852,8,20,-12,-5,108777
2045,Coop,0,860,8,20,-12,-5,2047,Coop,0,392,9,21,-11,-4,108778
2047,Coop,0,401,9,21,-11,-4,2045,Coop,0,868,8,20,-12,-5,108779
2045,Coop,0,876,8,20,-12,-5,2047,Coop,0,410,9,21,-11,-4,108780
2047,Coop,0,419,9,21,-11,-4,2045,Coop,0,884,8,20,-12,-5,108781
2045,Coop,0,892,8,20,-12,-5,2047,Coop,0,428,9,21,-11,-4,108782
2047,Coop,0,437,9,21,-11,-4,2045,Coop,0,900,8,20,-12,-5,108783
2045,Coop,0,908,8,20,-12,-5,2047,Coop,0,446,9,21,-11,-4,108784
2047,Coop,0,455,9,21,-11,-4,2045,Coop,0,916,8,20,-12,-5,108785
2045,Coop,0,924,8,20,-12,-5,2047,Coop,0,464,9,21,-11,-4,108786
2047,Coop,0,473,9,21,-11,-4,2045,Coop,0,932,8,20,-12,-5,108787
2045,Coop,0,940,8,20,-12,-5,2047,Coop,0,482,9,21,-11,-4,108788
2047,Coop,0,491,9,21,-11,-4,2045,Coop,0,948,8,20,-12,-5,108789
2045,Coop,0,956,8,20,-12,-5,2047,Coop,0,500,9,21,-11,-4,108790
2047,Coop,0,509,9,21,-11,-4,2045,Coop,0,964,8,20,-12,-5,108791
2045,Coop,0,972,8,20,-12,-5,2047,Coop,0,518,9,21,-11,-4,108792
2047,Coop,0,527,9,21,-11,-4,2045,Coop,0,980,8,20,-12,-5,108793
2045,Coop,0,988,8,20,-12,-5,2047,Coop,0,536,9,21,-11,-4,108794
2047,Coop,0,545,9,21,-11,-4,2045,Coop,0,996,8,20,-12,-5,108795
2045,Coop,0,1004,8,20,-12,-5,2047,Coop,0,554,9,21,-11,-4,108796
2047,Coop,0,563,9,21,-11,-4,2045,Coop,0,1012,8,20,-12,-5,108797
2045,Coop,0,1020,8,20,-12,-5,2047,Coop,0,572,9,21,-11,-4,108798
2047,Coop,0,581,9,21,-11,-4,2045,Coop,0,1028,8,20,-12,-5,108799
2045,Coop,0,1036,8,20,-12,-5,2047,Coop,0,590,9,21,-11,-4,108800
2047,Coop,0,599,9,21,-11,-4,2045,Coop,0,1044,8,20,-12,-5,108801
2045,Coop,0,1052,8,20,-12,-5,2047,Coop,0,608,9,21,-11,-4,108802
2047,Buy,0,608,9,21,-11,-4,2047,Buy,0,108,10,22,-10,-3,108803
2047,Coop,0,118,10,22,-10,-3,2045,Coop,0,1060,8,20,-12,-5,108804
2045,Coop,0,1068,8,20,-12,-5,2047,Coop,0,128,10,22,-10,-3,108805
2047,Coop,0,138,10,22,-10,-3,2045,Coop,0,1076,8,20,-12,-5,108806
2045,Coop,0,1084,8,20,-12,-5,2047,Coop,0,148,10,22,-10,-3,108807
2047,Coop,0,158,10,22,-10,-3,2045,Coop,0,1092,8,20,-12,-5,108808
2045,Coop,0,1100,8,20,-12,-5,2047,Coop,0,168,10,22,-10,-3,108809
2047,Coop,0,178,10,22,-10,-3,2045,Coop,0,1108,8,20,-12,-5,108810
2045,Coop,0,1116,8,20,-12,-5,2047,Coop,0,188,10,22,-10,-3,108811
2047,Coop,0,198,10,22,-10,-3,2045,Coop,0,1124,8,20,-12,-5,108812
2045,Coop,0,1132,8,20,-12,-5,2047,Coop,0,208,10,22,-10,-3,108813
2047,Coop,0,218,10,22,-10,-3,2045,Coop,0,1140,8,20,-12,-5,108814
2045,Coop,0,1148,8,20,-12,-5,2047,Coop,0,228,10,22,-10,-3,108815
2047,Coop,0,238,10,22,-10,-3,2045,Coop,0,1156,8,20,-12,-5,108816
2045,Coop,0,1164,8,20,-12,-5,2047,Coop,0,248,10,22,-10,-3,108817
2047,Coop,0,258,10,22,-10,-3,2045,Coop,0,1172,8,20,-12,-5,108818
2045,Coop,0,1180,8,20,-12,-5,2047,Coop,0,268,10,22,-10,-3,108819
2047,Coop,0,278,10,22,-10,-3,2045,Coop,0,1188,8,20,-12,-5,108820
2045,Coop,0,1196,8,20,-12,-5,2047,Coop,0,288,10,22,-10,-3,108821
2047,Coop,0,298,10,22,-10,-3,2045,Coop,0,1204,8,20,-12,-5,108822
2045,Coop,0,1212,8,20,-12,-5,2047,Coop,0,308,10,22,-10,-3,108823
2047,Coop,0,318,10,22,-10,-3,2045,Coop,0,1220,8,20,-12,-5,108824
2045,Coop,0,1228,8,20,-12,-5,2047,Coop,0,328,10,22,-10,-3,108825
2047,Coop,0,338,10,22,-10,-3,2045,Coop,0,1236,8,20,-12,-5,108826
2045,Coop,0,1244,8,20,-12,-5,2047,Coop,0,348,10,22,-10,-3,108827
2047,Coop,0,358,10,22,-10,-3,2045,Coop,0,1252,8,20,-12,-5,108828
2045,Coop,0,1260,8,20,-12,-5,2047,Coop,0,368,10,22,-10,-3,108829
2047,Coop,0,378,10,22,-10,-3,2045,Coop,0,1268,8,20,-12,-5,108830
2045,Coop,0,1276,8,20,-12,-5,2047,Coop,0,388,10,22,-10,-3,108831
2047,Coop,0,398,10,22,-10,-3,2045,Coop,0,1284,8,20,-12,-5,108832
2045,Coop,0,1292,8,20,-12,-5,2047,Coop,0,408,10,22,-10,-3,108833
2047,Coop,0,418,10,22,-10,-3,2045,Coop,0,1300,8,20,-12,-5,108834
2045,Coop,0,1308,8,20,-12,-5,2047,Coop,0,428,10,22,-10,-3,108835
2047,Coop,0,438,10,22,-10,-3,2045,Coop,0,1316,8,20,-12,-5,108836
2045,Coop,0,1324,8,20,-12,-5,2047,Coop,0,448,10,22,-10,-3,108837
2047,Coop,0,458,10,22,-10,-3,2045,Coop,0,1332,8,20,-12,-5,108838
2045,Coop,0,1340,8,20,-12,-5,2047,Coop,0,468,10,22,-10,-3,108839
2047,Coop,0,478,10,22,-10,-3,2045,Coop,0,1348,8,20,-12,-5,108840
2045,Coop,0,1356,8,20,-12,-5,2047,Coop,0,488,10,22,-10,-3,108841
2047,Coop,0,498,10,22,-10,-3,2045,Coop,0,1364,8,20,-12,-5,108842
2045,Coop,0,1372,8,20,-12,-5,2047,Coop,0,508,10,22,-10,-3,108843
2047,Coop,0,518,10,22,-10,-3,2045,Coop,0,1380,8,20,-12,-5,108844
2045,Coop,0,1388,8,20,-12,-5,2047,Coop,0,528,10,22,-10,-3,108845
2047,Coop,0,538,10,22,-10,-3,2045,Coop,0,1396,8,20,-12,-5,108846
2045,Coop,0,1404,8,20,-12,-5,2047,Coop,0,548,10,22,-10,-3,108847
2047,Coop,0,558,10,22,-10,-3,2045,Coop,0,1412,8,20,-12,-5,108848
2045,Coop,0,1420,8,20,-12,-5,2047,Coop,0,568,10,22,-10,-3,108849
2047,Coop,0,578,10,22,-10,-3,2045,Coop,0,1428,8,20,-12,-5,108850
2045,Coop,0,1436,8,20,-12,-5,2047,Coop,0,588,10,22,-10,-3,108851
2047,Coop,0,598,10,22,-10,-3,2045,Coop,0,1444,8,20,-12,-5,108852
2045,Coop,0,1452,8,20,-12,-5,2047,Coop,0,608,10,22,-10,-3,108853
2047,Buy,0,608,10,22,-10,-3,2047,Buy,0,108,11,23,-9,-2,108854
2047,Coop,0,119,11,23,-9,-2,2045,Coop,0,1460,8,20,-12,-5,108855
2045,Coop,0,1468,8,20,-12,-5,2047,Coop,0,130,11,23,-9,-2,108856
2047,Coop,0,141,11,23,-9,-2,2045,Coop,0,1476,8,20,-12,-5,108857
2045,Coop,0,1484,8,20,-12,-5,2047,Coop,0,152,11,23,-9,-2,108858
2047,Coop,0,163,11,23,-9,-2,2045,Coop,0,1492,8,20,-12,-5,108859
2045,Coop,0,1500,8,20,-12,-5,2047,Coop,0,174,11,23,-9,-2,108860
2047,Coop,0,185,11,23,-9,-2,2045,Coop,0,1508,8,20,-12,-5,108861
2045,Coop,0,1516,8,20,-12,-5,2047,Coop,0,196,11,23,-9,-2,108862
2047,Coop,0,207,11,23,-9,-2,2045,Coop,0,1524,8,20,-12,-5,108863
2045,Coop,0,1532,8,20,-12,-5,2047,Coop,0,218,11,23,-9,-2,108864
2047,Coop,0,229,11,23,-9,-2,2045,Coop,0,1540,8,20,-12,-5,108865
2045,Coop,0,1548,8,20,-12,-5,2047,Coop,0,240,11,23,-9,-2,108866
2047,Coop,0,251,11,23,-9,-2,2045,Coop,0,1556,8,20,-12,-5,108867
2045,Coop,0,1564,8,20,-12,-5,2047,Coop,0,262,11,23,-9,-2,108868
2047,Coop,0,273,11,23,-9,-2,2045,Coop,0,1572,8,20,-12,-5,108869
2045,Coop,0,1580,8,20,-12,-5,2047,Coop,0,284,11,23,-9,-2,108870
2047,Coop,0,295,11,23,-9,-2,2045,Coop,0,1588,8,20,-12,-5,108871
2045,Coop,0,1596,8,20,-12,-5,2047,Coop,0,306,11,23,-9,-2,108872
2047,Coop,0,317,11,23,-9,-2,2045,Coop,0,1604,8,20,-12,-5,108873
2045,Coop,0,1612,8,20,-12,-5,2047,Coop,0,328,11,23,-9,-2,108874
2047,Coop,0,339,11,23,-9,-2,2045,Coop,0,1620,8,20,-12,-5,108875
2045,Coop,0,1628,8,20,-12,-5,2047,Coop,0,350,11,23,-9,-2,108876
2047,Coop,0,361,11,23,-9,-2,2045,Coop,0,1636,8,20,-12,-5,108877
2045,Coop,0,1644,8,20,-12,-5,2047,Coop,0,372,11,23,-9,-2,108878
2047,Coop,0,383,11,23,-9,-2,2045,Coop,0,1652,8,20,-12,-5,108879
2045,Coop,0,1660,8,20,-12,-5,2047,Coop,0,394,11,23,-9,-2,108880
2047,Coop,0,405,11,23,-9,-2,2045,Coop,0,1668,8,20,-12,-5,108881
2045,Coop,0,1676,8,20,-12,-5,2047,Coop,0,416,11,23,-9,-2,108882
2047,Coop,0,427,11,23,-9,-2,2045,Coop,0,1684,8,20,-12,-5,108883
2045,Coop,0,1692,8,20,-12,-5,2047,Coop,0,438,11,23,-9,-2,108884
2047,Coop,0,449,11,23,-9,-2,2045,Coop,0,1700,8,20,-12,-5,108885
2045,Coop,0,1708,8,20,-12,-5,2047,Coop,0,460,11,23,-9,-2,108886
2047,Coop,0,471,11,23,-9,-2,2045,Coop,0,1716,8,20,-12,-5,108887
2045,Coop,0,1724,8,20,-12,-5,2047,Coop,0,482,11,23,-9,-2,108888
2047,Coop,0,493,11,23,-9,-2,2045,Coop,0,1732,8,20,-12,-5,108889
2045,Coop,0,1740,8,20,-12,-5,2047,Coop,0,504,11,23,-9,-2,108890
2047,Coop,0,515,11,23,-9,-2,2045,Coop,0,1748,8,20,-12,-5,108891
2045,Coop,0,1756,8,20,-12,-5,2047,Coop,0,526,11,23,-9,-2,108892
2047,Coop,0,537,11,23,-9,-2,2045,Coop,0,1764,8,20,-12,-5,108893
2045,Coop,0,1772,8,20,-12,-5,2047,Coop,0,548,11,23,-9,-2,108894
2047,Coop,0,559,11,23,-9,-2,2045,Coop,0,1780,8,20,-12,-5,108895
2045,Coop,0,1788,8,20,-12,-5,2047,Coop,0,570,11,23,-9,-2,108896
2047,Coop,0,581,11,23,-9,-2,2045,Coop,0,1796,8,20,-12,-5,108897
2045,Coop,0,1804,8,20,-12,-5,2047,Coop,0,592,11,23,-9,-2,108898
2047,Coop,0,603,11,23,-9,-2,2045,Coop,0,1812,8,20,-12,-5,108899
2047,Buy,0,603,11,23,-9,-2,2047,Buy,0,103,12,24,-8,-1,108900
2045,Coop,0,1820,8,20,-12,-5,2047,Coop,0,115,12,24,-8,-1,108901
2047,Coop,0,127,12,24,-8,-1,2045,Coop,0,1828,8,20,-12,-5,108902
2045,Coop,0,1836,8,20,-12,-5,2047,Coop,0,139,12,24,-8,-1,108903
2047,Coop,0,151,12,24,-8,-1,2045,Coop,0,1844,8,20,-12,-5,108904
2045,Coop,0,1852,8,20,-12,-5,2047,Coop,0,163,12,24,-8,-1,108905
2047,Coop,0,175,12,24,-8,-1,2045,Coop,0,1860,8,20,-12,-5,108906
2045,Coop,0,1868,8,20,-12,-5,2047,Coop,0,187,12,24,-8,-1,108907
2047,Coop,0,199,12,24,-8,-1,2045,Coop,0,1876,8,20,-12,-5,108908
2045,Coop,0,1884,8,20,-12,-5,2047,Coop,0,211,12,24,-8,-1,108909
2047,Coop,0,223,12,24,-8,-1,2045,Coop,0,1892,8,20,-12,-5,108910
2045,Coop,0,1900,8,20,-12,-5,2047,Coop,0,235,12,24,-8,-1,108911
2047,Coop,0,247,12,24,-8,-1,2045,Coop,0,1908,8,20,-12,-5,108912
2045,Coop,0,1916,8,20,-12,-5,2047,Coop,0,259,12,24,-8,-1,108913
2047,Coop,0,271,12,24,-8,-1,2045,Coop,0,1924,8,20,-12,-5,108914
2045,Coop,0,1932,8,20,-12,-5,2047,Coop,0,283,12,24,-8,-1,108915
2047,Coop,0,295,12,24,-8,-1,2045,Coop,0,1940,8,20,-12,-5,108916
2045,Coop,0,1948,8,20,-12,-5,2047,Coop,0,307,12,24,-8,-1,108917
2047,Coop,0,319,12,24,-8,-1,2045,Coop,0,1956,8,20,-12,-5,108918
2045,Coop,0,1964,8,20,-12,-5,2047,Coop,0,331,12,24,-8,-1,108919
2047,Coop,0,343,12,24,-8,-1,2045,Coop,0,1972,8,20,-12,-5,108920
2045,Coop,0,1980,8,20,-12,-5,2047,Coop,0,355,12,24,-8,-1,108921
2047,Coop,0,367,12,24,-8,-1,2045,Coop,0,1988,8,20,-12,-5,108922
2045,Coop,0,1996,8,20,-12,-5,2047,Coop,0,379,12,24,-8,-1,108923
2047,Coop,0,391,12,24,-8,-1,2045,Coop,0,2004,8,20,-12,-5,108924
2045,Coop,0,2012,8,20,-12,-5,2047,Coop,0,403,12,24,-8,-1,108925
2047,Coop,0,415,12,24,-8,-1,2045,Coop,0,2020,8,20,-12,-5,108926
2045,Coop,0,2028,8,20,-12,-5,2047,Coop,0,427,12,24,-8,-1,108927
2047,Coop,0,439,12,24,-8,-1,2045,Coop,0,2036,8,20,-12,-5,108928
2045,Coop,0,2044,8,20,-12,-5,2047,Coop,0,451,12,24,-8,-1,108929
2047,Coop,0,463,12,24,-8,-1,2045,Coop,0,2052,8,20,-12,-5,108930
2045,Coop,0,2060,8,20,-12,-5,2047,Coop,0,475,12,24,-8,-1,108931
2047,Coop,0,487,12,24,-8,-1,2045,Coop,0,2068,8,20,-12,-5,108932
2045,Coop,0,2076,8,20,-12,-5,2047,Coop,0,499,12,24,-8,-1,108933
2047,Coop,0,511,12,24,-8,-1,2045,Coop,0,2084,8,20,-12,-5,108934
2045,Coop,0,2092,8,20,-12,-5,2047,Coop,0,523,12,24,-8,-1,108935
2047,Coop,0,535,12,24,-8,-1,2045,Coop,0,2100,8,20,-12,-5,108936
2045,Coop,0,2108,8,20,-12,-5,2047,Coop,0,547,12,24,-8,-1,108937
2047,Coop,0,559,12,24,-8,-1,2045,Coop,0,2116,8,20,-12,-5,108938
2045,Coop,0,2124,8,20,-12,-5,2047,Coop,0,571,12,24,-8,-1,108939
2047,Coop,0,583,12,24,-8,-1,2045,Coop,0,2132,8,20,-12,-5,108940
2045,Coop,0,2140,8,20,-12,-5,2047,Coop,0,595,12,24,-8,-1,108941
2047,Coop,0,607,12,24,-8,-1,2045,Coop,0,2148,8,20,-12,-5,108942
2047,Buy,0,607,12,24,-8,-1,2047,Buy,0,107,13,25,-7,0,108943
2045,Coop,0,2156,8,20,-12,-5,2047,Coop,0,120,13,25,-7,0,108944
2047,Coop,0,133,13,25,-7,0,2045,Coop,0,2164,8,20,-12,-5,108945
2045,Coop,0,2172,8,20,-12,-5,2047,Coop,0,146,13,25,-7,0,108946
2047,Coop,0,159,13,25,-7,0,2045,Coop,0,2180,8,20,-12,-5,108947
2045,Coop,0,2188,8,20,-12,-5,2047,Coop,0,172,13,25,-7,0,108948
2047,Coop,0,185,13,25,-7,0,2045,Coop,0,2196,8,20,-12,-5,108949
2045,Coop,0,2204,8,20,-12,-5,2047,Coop,0,198,13,25,-7,0,108950
2047,Coop,0,211,13,25,-7,0,2045,Coop,0,2212,8,20,-12,-5,108951
2045,Coop,0,2220,8,20,-12,-5,2047,Coop,0,224,13,25,-7,0,108952
2047,Coop,0,237,13,25,-7,0,2045,Coop,0,2228,8,20,-12,-5,108953
2045,Coop,0,2236,8,20,-12,-5,2047,Coop,0,250,13,25,-7,0,108954
2047,Coop,0,263,13,25,-7,0,2045,Coop,0,2244,8,20,-12,-5,108955
2045,Coop,0,2252,8,20,-12,-5,2047,Coop,0,276,13,25,-7,0,108956
2047,Coop,0,289,13,25,-7,0,2045,Coop,0,2260,8,20,-12,-5,108957
2045,Coop,0,2268,8,20,-12,-5,2047,Coop,0,302,13,25,-7,0,108958
2047,Coop,0,315,13,25,-7,0,2045,Coop,0,2276,8,20,-12,-5,108959
2045,Coop,0,2284,8,20,-12,-5,2047,Coop,0,328,13,25,-7,0,108960
2047,Coop,0,341,13,25,-7,0,2045,Coop,0,2292,8,20,-12,-5,108961
2045,Coop,0,2300,8,20,-12,-5,2047,Coop,0,354,13,25,-7,0,108962
2047,Coop,0,367,13,25,-7,0,2045,Coop,0,2308,8,20,-12,-5,108963
2045,Coop,0,2316,8,20,-12,-5,2047,Coop,0,380,13,25,-7,0,108964
2047,Coop,0,393,13,25,-7,0,2045,Coop,0,2324,8,20,-12,-5,108965
2045,Coop,0,2332,8,20,-12,-5,2047,Coop,0,406,13,25,-7,0,108966
2047,Coop,0,419,13,25,-7,0,2045,Coop,0,2340,8,20,-12,-5,108967
2045,Coop,0,2348,8,20,-12,-5,2047,Coop,0,432,13,25,-7,0,108968
2047,Coop,0,445,13,25,-7,0,2045,Coop,0,2356,8,20,-12,-5,108969
2045,Coop,0,2364,8,20,-12,-5,2047,Coop,0,458,13,25,-7,0,108970
2047,Coop,0,471,13,25,-7,0,2045,Coop,0,2372,8,20,-12,-5,108971
2045,Coop,0,2380,8,20,-12,-5,2047,Coop,0,484,13,25,-7,0,108972
2047,Coop,0,497,13,25,-7,0,2045,Coop,0,2388,8,20,-12,-5,108973
2045,Coop,0,2396,8,20,-12,-5,2047,Coop,0,510,13,25,-7,0,108974
2047,Coop,0,523,13,25,-7,0,2045,Coop,0,2404,8,20,-12,-5,108975
2045,Coop,0,2412,8,20,-12,-5,2047,Coop,0,536,13,25,-7,0,108976
2047,Coop,0,549,13,25,-7,0,2045,Coop,0,2420,8,20,-12,-5,108977
2045,Coop,0,2428,8,20,-12,-5,2047,Coop,0,562,13,25,-7,0,108978
2047,Coop,0,575,13,25,-7,0,2045,Coop,0,2436,8,20,-12,-5,108979
2045,Coop,0,2444,8,20,-12,-5,2047,Coop,0,588,13,25,-7,0,108980
2047,Coop,0,601,13,25,-7,0,2045,Coop,0,2452,8,20,-12,-5,108981
2047,Buy,0,601,13,25,-7,0,2047,Buy,0,101,14,26,-6,1,108982
2045,Coop,0,2460,8,20,-12,-5,2047,Coop,0,115,14,26,-6,1,108983
2047,Coop,0,129,14,26,-6,1,2045,Coop,0,2468,8,20,-12,-5,108984
2045,Coop,0,2476,8,20,-12,-5,2047,Coop,0,143,14,26,-6,1,108985
2047,Coop,0,157,14,26,-6,1,2045,Coop,0,2484,8,20,-12,-5,108986
2045,Coop,0,2492,8,20,-12,-5,2047,Coop,0,171,14,26,-6,1,108987
2047,Coop,0,185,14,26,-6,1,2045,Coop,0,2500,8,20,-12,-5,108988
2045,Coop,0,2508,8,20,-12,-5,2047,Coop,0,199,14,26,-6,1,108989
2047,Coop,0,213,14,26,-6,1,2045,Coop,0,2516,8,20,-12,-5,108990
2045,Coop,0,2524,8,20,-12,-5,2047,Coop,0,227,14,26,-6,1,108991
2047,Coop,0,241,14,26,-6,1,2045,Coop,0,2532,8,20,-12,-5,108992
2045,Coop,0,2540,8,20,-12,-5,2047,Coop,0,255,14,26,-6,1,108993
2047,Coop,0,269,14,26,-6,1,2045,Coop,0,2548,8,20,-12,-5,108994
2045,Coop,0,2556,8,20,-12,-5,2047,Coop,0,283,14,26,-6,1,108995
2047,Coop,0,297,14,26,-6,1,2045,Coop,0,2564,8,20,-12,-5,108996
2045,Coop,0,2572,8,20,-12,-5,2047,Coop,0,311,14,26,-6,1,108997
2047,Coop,0,325,14,26,-6,1,2045,Coop,0,2580,8,20,-12,-5,108998
2045,Coop,0,2588,8,20,-12,-5,2047,Coop,0,339,14,26,-6,1,108999
2047,Coop,0,353,14,26,-6,1,2045,Coop,0,2596,8,20,-12,-5,109000
2045,Coop,0,2604,8,20,-12,-5,2047,Coop,0,367,14,26,-6,1,109001
2047,Coop,0,381,14,26,-6,1,2045,Coop,0,2612,8,20,-12,-5,109002
2045,Coop,0,2620,8,20,-12,-5,2047,Coop,0,395,14,26,-6,1,109003
2047,Coop,0,409,14,26,-6,1,2045,Coop,0,2628,8,20,-12,-5,109004
2045,Coop,0,2636,8,20,-12,-5,2047,Coop,0,423,14,26,-6,1,109005
2047,Coop,0,437,14,26,-6,1,2045,Coop,0,2644,8,20,-12,-5,109006
2045,Coop,0,2652,8,20,-12,-5,2047,Coop,0,451,14,26,-6,1,109007
2047,Coop,0,465,14,26,-6,1,2045,Coop,0,2660,8,20,-12,-5,109008
2045,Coop,0,2668,8,20,-12,-5,2047,Coop,0,479,14,26,-6,1,109009
2047,Coop,0,493,14,26,-6,1,2045,Coop,0,2676,8,20,-12,-5,109010
2045,Coop,0,2684,8,20,-12,-5,2047,Coop,0,507,14,26,-6,1,109011
2047,Coop,0,521,14,26,-6,1,2045,Coop,0,2692,8,20,-12,-5,109012
2045,Coop,0,2700,8,20,-12,-5,2047,Coop,0,535,14,26,-6,1,109013
2047,Coop,0,549,14,26,-6,1,2045,Coop,0,2708,8,20,-12,-5,109014
2045,Coop,0,2716,8,20,-12,-5,2047,Coop,0,563,14,26,-6,1,109015
2047,Coop,0,577,14,26,-6,1,2045,Coop,0,2724,8,20,-12,-5,109016
2045,Coop,0,2732,8,20,-12,-5,2047,Coop,0,591,14,26,-6,1,109017
2047,Coop,0,605,14,26,-6,1,2045,Coop,0,2740,8,20,-12,-5,109018
2047,Buy,0,605,14,26,-6,1,2047,Buy,0,105,15,27,-5,2,109019
2045,Coop,0,2748,8,20,-12,-5,2047,Coop,0,120,15,27,-5,2,109020
2047,Coop,0,135,15,27,-5,2,2045,Coop,0,2756,8,20,-12,-5,109021
2045,Coop,0,2764,8,20,-12,-5,2047,Coop,0,150,15,27,-5,2,109022
2047,Coop,0,165,15,27,-5,2,2045,Coop,0,2772,8,20,-12,-5,109023
2045,Coop,0,2780,8,20,-12,-5,2047,Coop,0,180,15,27,-5,2,109024
2047,Coop,0,195,15,27,-5,2,2045,Coop,0,2788,8,20,-12,-5,109025
2045,Coop,0,2796,8,20,-12,-5,2047,Coop,0,210,15,27,-5,2,109026
2047,Coop,0,225,15,27,-5,2,2045,Coop,0,2804,8,20,-12,-5,109027
2045,Coop,0,2812,8,20,-12,-5,2047,Coop,0,240,15,27,-5,2,109028
2047,Coop,0,255,15,27,-5,2,2045,Coop,0,2820,8,20,-12,-5,109029
2045,Coop,0,2828,8,20,-12,-5,2047,Coop,0,270,15,27,-5,2,109030
2047,Coop,0,285,15,27,-5,2,2045,Coop,0,2836,8,20,-12,-5,109031
2045,Coop,0,2844,8,20,-12,-5,2047,Coop,0,300,15,27,-5,2,109032
2047,Coop,0,315,15,27,-5,2,2045,Coop,0,2852,8,20,-12,-5,109033
2045,Coop,0,2860,8,20,-12,-5,2047,Coop,0,330,15,27,-5,2,109034
2047,Coop,0,345,15,27,-5,2,2045,Coop,0,2868,8,20,-12,-5,109035
2045,Coop,0,2876,8,20,-12,-5,2047,Coop,0,360,15,27,-5,2,109036
2047,Coop,0,375,15,27,-5,2,2045,Coop,0,2884,8,20,-12,-5,109037
2045,Coop,0,2892,8,20,-12,-5,2047,Coop,0,390,15,27,-5,2,109038
2047,Coop,0,405,15,27,-5,2,2045,Coop,0,2900,8,20,-12,-5,109039
2045,Coop,0,2908,8,20,-12,-5,2047,Coop,0,420,15,27,-5,2,109040
2047,Coop,0,435,15,27,-5,2,2045,Coop,0,2916,8,20,-12,-5,109041
2045,Coop,0,2924,8,20,-12,-5,2047,Coop,0,450,15,27,-5,2,109042
2047,Coop,0,465,15,27,-5,2,2045,Coop,0,2932,8,20,-12,-5,109043
2045,Coop,0,2940,8,20,-12,-5,2047,Coop,0,480,15,27,-5,2,109044
2047,Coop,0,495,15,27,-5,2,2045,Coop,0,2948,8,20,-12,-5,109045
2045,Coop,0,2956,8,20,-12,-5,2047,Coop,0,510,15,27,-5,2,109046
2047,Coop,0,525,15,27,-5,2,2045,Coop,0,2964,8,20,-12,-5,109047
2045,Coop,0,2972,8,20,-12,-5,2047,Coop,0,540,15,27,-5,2,109048
2047,Coop,0,555,15,27,-5,2,2045,Coop,0,2980,8,20,-12,-5,109049
2045,Coop,0,2988,8,20,-12,-5,2047,Coop,0,570,15,27,-5,2,109050
2047,Coop,0,585,15,27,-5,2,2045,Coop,0,2996,8,20,-12,-5,109051
2045,Coop,0,3004,8,20,-12,-5,2047,Coop,0,600,15,27,-5,2,109052
2047,Coop,0,615,15,27,-5,2,2045,Coop,0,3012,8,20,-12,-5,109053
2047,Buy,0,615,15,27,-5,2,2047,Buy,0,115,16,28,-4,3,109054
2045,Coop,0,3020,8,20,-12,-5,2047,Coop,0,131,16,28,-4,3,109055
2047,Coop,0,147,16,28,-4,3,2045,Coop,0,3028,8,20,-12,-5,109056
2045,Coop,0,3036,8,20,-12,-5,2047,Coop,0,163,16,28,-4,3,109057
2047,Coop,0,179,16,28,-4,3,2045,Coop,0,3044,8,20,-12,-5,109058
2045,Coop,0,3052,8,20,-12,-5,2047,Coop,0,195,16,28,-4,3,109059
2047,Coop,0,211,16,28,-4,3,2045,Coop,0,3060,8,20,-12,-5,109060
2045,Coop,0,3068,8,20,-12,-5,2047,Coop,0,227,16,28,-4,3,109061
2047,Coop,0,243,16,28,-4,3,2045,Coop,0,3076,8,20,-12,-5,109062
2045,Coop,0,3084,8,20,-12,-5,2047,Coop,0,259,16,28,-4,3,109063
2047,Coop,0,275,16,28,-4,3,2045,Coop,0,3092,8,20,-12,-5,109064
2045,Coop,0,3100,8,20,-12,-5,2047,Coop,0,291,16,28,-4,3,109065
2047,Coop,0,307,16,28,-4,3,2045,Coop,0,3108,8,20,-12,-5,109066
2045,Coop,0,3116,8,20,-12,-5,2047,Coop,0,323,16,28,-4,3,109067
2047,Coop,0,339,16,28,-4,3,2045,Coop,0,3124,8,20,-12,-5,109068
2045,Coop,0,3132,8,20,-12,-5,2047,Coop,0,355,16,28,-4,3,109069
2047,Coop,0,371,16,28,-4,3,2045,Coop,0,3140,8,20,-12,-5,109070
2045,Coop,0,3148,8,20,-12,-5,2047,Coop,0,387,16,28,-4,3,109071
2047,Coop,0,403,16,28,-4,3,2045,Coop,0,3156,8,20,-12,-5,109072
2045,Coop,0,3164,8,20,-12,-5,2047,Coop,0,419,16,28,-4,3,109073
2047,Coop,0,435,16,28,-4,3,2045,Coop,0,3172,8,20,-12,-5,109074
2045,Coop,0,3180,8,20,-12,-5,2047,Coop,0,451,16,28,-4,3,109075
2047,Coop,0,467,16,28,-4,3,2045,Coop,0,3188,8,20,-12,-5,109076
2045,Coop,0,3196,8,20,-12,-5,2047,Coop,0,483,16,28,-4,3,109077
2047,Coop,0,499,16,28,-4,3,2045,Coop,0,3204,8,20,-12,-5,109078
2045,Coop,0,3212,8,20,-12,-5,2047,Coop,0,515,16,28,-4,3,109079
2047,Coop,0,531,16,28,-4,3,2045,Coop,0,3220,8,20,-12,-5,109080
2045,Coop,0,3228,8,20,-12,-5,2047,Coop,0,547,16,28,-4,3,109081
2047,Coop,0,563,16,28,-4,3,2045,Coop,0,3236,8,20,-12,-5,109082
2045,Coop,0,3244,8,20,-12,-5,2047,Coop,0,579,16,28,-4,3,109083
2047,Coop,0,595,16,28,-4,3,2045,Coop,0,3252,8,20,-12,-5,109084
2045,Coop,0,3260,8,20,-12,-5,2047,Coop,0,611,16,28,-4,3,109085
2047,Buy,0,611,16,28,-4,3,2047,Buy,0,111,17,29,-3,4,109086
2047,Coop,0,128,17,29,-3,4,2045,Coop,0,3268,8,20,-12,-5,109087
2045,Coop,0,3276,8,20,-12,-5,2047,Coop,0,145,17,29,-3,4,109088
2047,Coop,0,162,17,29,-3,4,2045,Coop,0,3284,8,20,-12,-5,109089
2045,Coop,0,3292,8,20,-12,-5,2047,Coop,0,179,17,29,-3,4,109090
2047,Coop,0,196,17,29,-3,4,2045,Coop,0,3300,8,20,-12,-5,109091
2045,Coop,0,3308,8,20,-12,-5,2047,Coop,0,213,17,29,-3,4,109092
2047,Coop,0,230,17,29,-3,4,2045,Coop,0,3316,8,20,-12,-5,109093
2045,Coop,0,3324,8,20,-12,-5,2047,Coop,0,247,17,29,-3,4,109094
2047,Coop,0,264,17,29,-3,4,2045,Coop,0,3332,8,20,-12,-5,109095
2045,Coop,0,3340,8,20,-12,-5,2047,Coop,0,281,17,29,-3,4,109096
2047,Coop,0,298,17,29,-3,4,2045,Coop,0,3348,8,20,-12,-5,109097
2045,Coop,0,3356,8,20,-12,-5,2047,Coop,0,315,17,29,-3,4,109098
2047,Coop,0,332,17,29,-3,4,2045,Coop,0,3364,8,20,-12,-5,109099
2045,Coop,0,3372,8,20,-12,-5,2047,Coop,0,349,17,29,-3,4,109100
2047,Coop,0,366,17,29,-3,4,2045,Coop,0,3380,8,20,-12,-5,109101
2045,Coop,0,3388,8,20,-12,-5,2047,Coop,0,383,17,29,-3,4,109102
2047,Coop,0,400,17,29,-3,4,2045,Coop,0,3396,8,20,-12,-5,109103
2045,Coop,0,3404,8,20,-12,-5,2047,Coop,0,417,17,29,-3,4,109104
2047,Coop,0,434,17,29,-3,4,2045,Coop,0,3412,8,20,-12,-5,109105
2045,Coop,0,3420,8,20,-12,-5,2047,Coop,0,451,17,29,-3,4,109106
2047,Coop,0,468,17,29,-3,4,2045,Coop,0,3428,8,20,-12,-5,109107
2045,Coop,0,3436,8,20,-12,-5,2047,Coop,0,485,17,29,-3,4,109108
2047,Coop,0,502,17,29,-3,4,2045,Coop,0,3444,8,20,-12,-5,109109
2045,Coop,0,3452,8,20,-12,-5,2047,Coop,0,519,17,29,-3,4,109110
2047,Coop,0,536,17,29,-3,4,2045,Coop,0,3460,8,20,-12,-5,109111
2045,Coop,0,3468,8,20,-12,-5,2047,Coop,0,553,17,29,-3,4,109112
2047,Coop,0,570,17,29,-3,4,2045,Coop,0,3476,8,20,-12,-5,109113
2045,Coop,0,3484,8,20,-12,-5,2047,Coop,0,587,17,29,-3,4,109114
2047,Coop,0,604,17,29,-3,4,2045,Coop,0,3492,8,20,-12,-5,109115
2047,Buy,0,604,17,29,-3,4,2047,Buy,0,104,18,30,-2,5,109116
2045,Coop,0,3500,8,20,-12,-5,2047,Coop,0,122,18,30,-2,5,109117
2047,Coop,0,140,18,30,-2,5,2045,Coop,0,3508,8,20,-12,-5,109118
2045,Coop,0,3516,8,20,-12,-5,2047,Coop,0,158,18,30,-2,5,109119
2047,Coop,0,176,18,30,-2,5,2045,Coop,0,3524,8,20,-12,-5,109120
2045,Coop,0,3532,8,20,-12,-5,2047,Coop,0,194,18,30,-2,5,109121
2047,Coop,0,212,18,30,-2,5,2045,Coop,0,3540,8,20,-12,-5,109122
2045,Coop,0,3548,8,20,-12,-5,2047,Coop,0,230,18,30,-2,5,109123
2047,Coop,0,248,18,30,-2,5,2045,Coop,0,3556,8,20,-12,-5,109124
2045,Coop,0,3564,8,20,-12,-5,2047,Coop,0,266,18,30,-2,5,109125
2047,Coop,0,284,18,30,-2,5,2045,Coop,0,3572,8,20,-12,-5,109126
2045,Coop,0,3580,8,20,-12,-5,2047,Coop,0,302,18,30,-2,5,109127
2047,Coop,0,320,18,30,-2,5,2045,Coop,0,3588,8,20,-12,-5,109128
2045,Coop,0,3596,8,20,-12,-5,2047,Coop,0,338,18,30,-2,5,109129
2047,Coop,0,356,18,30,-2,5,2045,Coop,0,3604,8,20,-12,-5,109130
2045,Coop,0,3612,8,20,-12,-5,2047,Coop,0,374,18,30,-2,5,109131
2047,Coop,0,392,18,30,-2,5,2045,Coop,0,3620,8,20,-12,-5,109132
2045,Coop,0,3628,8,20,-12,-5,2047,Coop,0,410,18,30,-2,5,109133
2047,Coop,0,428,18,30,-2,5,2045,Coop,0,3636,8,20,-12,-5,109134
2045,Coop,0,3644,8,20,-12,-5,2047,Coop,0,446,18,30,-2,5,109135
2047,Coop,0,464,18,30,-2,5,2045,Coop,0,3652,8,20,-12,-5,109136
2045,Coop,0,3660,8,20,-12,-5,2047,Coop,0,482,18,30,-2,5,109137
2047,Coop,0,500,18,30,-2,5,2045,Coop,0,3668,8,20,-12,-5,109138
2045,Coop,0,3676,8,20,-12,-5,2047,Coop,0,518,18,30,-2,5,109139
2047,Coop,0,536,18,30,-2,5,2045,Coop,0,3684,8,20,-12,-5,109140
2045,Coop,0,3692,8,20,-12,-5,2047,Coop,0,554,18,30,-2,5,109141
2047,Coop,0,572,18,30,-2,5,2045,Coop,0,3700,8,20,-12,-5,109142
2045,Coop,0,3708,8,20,-12,-5,2047,Coop,0,590,18,30,-2,5,109143
2047,Coop,0,608,18,30,-2,5,2045,Coop,0,3716,8,20,-12,-5,109144
2047,Buy,0,608,18,30,-2,5,2047,Buy,0,108,19,31,-1,6,109145
2045,Coop,0,3724,8,20,-12,-5,2047,Coop,0,127,19,31,-1,6,109146
2047,Coop,0,146,19,31,-1,6,2045,Coop,0,3732,8,20,-12,-5,109147
2045,Coop,0,3740,8,20,-12,-5,2047,Coop,0,165,19,31,-1,6,109148
2047,Coop,0,184,19,31,-1,6,2045,Coop,0,3748,8,20,-12,-5,109149
2045,Coop,0,3756,8,20,-12,-5,2047,Coop,0,203,19,31,-1,6,109150
2047,Coop,0,222,19,31,-1,6,2045,Coop,0,3764,8,20,-12,-5,109151
2045,Coop,0,3772,8,20,-12,-5,2047,Coop,0,241,19,31,-1,6,109152
2047,Coop,0,260,19,31,-1,6,2045,Coop,0,3780,8,20,-12,-5,109153
2045,Coop,0,3788,8,20,-12,-5,2047,Coop,0,279,19,31,-1,6,109154
2047,Coop,0,298,19,31,-1,6,2045,Coop,0,3796,8,20,-12,-5,109155
2045,Coop,0,3804,8,20,-12,-5,2047,Coop,0,317,19,31,-1,6,109156
2047,Coop,0,336,19,31,-1,6,2045,Coop,0,3812,8,20,-12,-5,109157
2045,Coop,0,3820,8,20,-12,-5,2047,Coop,0,355,19,31,-1,6,109158
2047,Coop,0,374,19,31,-1,6,2045,Coop,0,3828,8,20,-12,-5,109159
2045,Coop,0,3836,8,20,-12,-5,2047,Coop,0,393,19,31,-1,6,109160
2047,Coop,0,412,19,31,-1,6,2045,Coop,0,3844,8,20,-12,-5,109161
2045,Coop,0,3852,8,20,-12,-5,2047,Coop,0,431,19,31,-1,6,109162
2047,Coop,0,450,19,31,-1,6,2045,Coop,0,3860,8,20,-12,-5,109163
2045,Coop,0,3868,8,20,-12,-5,2047,Coop,0,469,19,31,-1,6,109164
2047,Coop,0,488,19,31,-1,6,2045,Coop,0,3876,8,20,-12,-5,109165
2045,Coop,0,3884,8,20,-12,-5,2047,Coop,0,507,19,31,-1,6,109166
2047,Coop,0,526,19,31,-1,6,2045,Coop,0,3892,8,20,-12,-5,109167
2045,Coop,0,3900,8,20,-12,-5,2047,Coop,0,545,19,31,-1,6,109168
2047,Coop,0,564,19,31,-1,6,2045,Coop,0,3908,8,20,-12,-5,109169
2045,Coop,0,3916,8,20,-12,-5,2047,Coop,0,583,19,31,-1,6,109170
2047,Coop,0,602,19,31,-1,6,2045,Coop,0,3924,8,20,-12,-5,109171
2047,Buy,0,602,19,31,-1,6,2047,Buy,0,102,20,32,0,7,109172
2045,Coop,0,3932,8,20,-12,-5,2047,Coop,0,122,20,32,0,7,109173
2047,Coop,0,142,20,32,0,7,2045,Coop,0,3940,8,20,-12,-5,109174
2045,Coop,0,3948,8,20,-12,-5,2047,Coop,0,162,20,32,0,7,109175
2047,Coop,0,182,20,32,0,7,2045,Coop,0,3956,8,20,-12,-5,109176
2045,Coop,0,3964,8,20,-12,-5,2047,Coop,0,202,20,32,0,7,109177
2047,Coop,0,222,20,32,0,7,2045,Coop,0,3972,8,20,-12,-5,109178
2045,Coop,0,3980,8,20,-12,-5,2047,Coop,0,242,20,32,0,7,109179
2047,Coop,0,262,20,32,0,7,2045,Coop,0,3988,8,20,-12,-5,109180
2045,Coop,0,3996,8,20,-12,-5,2047,Coop,0,282,20,32,0,7,109181
2047,Coop,0,302,20,32,0,7,2045,Coop,0,4004,8,20,-12,-5,109182
2045,Coop,0,4012,8,20,-12,-5,2047,Coop,0,322,20,32,0,7,109183
2047,Coop,0,342,20,32,0,7,2045,Coop,0,4020,8,20,-12,-5,109184
2045,Coop,0,4028,8,20,-12,-5,2047,Coop,0,362,20,32,0,7,109185
2047,Coop,0,382,20,32,0,7,2045,Coop,0,4036,8,20,-12,-5,109186
2045,Coop,0,4044,8,20,-12,-5,2047,Coop,0,402,20,32,0,7,109187
2047,Coop,0,422,20,32,0,7,2045,Coop,0,4052,8,20,-12,-5,109188
2045,Coop,0,4060,8,20,-12,-5,2047,Coop,0,442,20,32,0,7,109189
2047,Coop,0,462,20,32,0,7,2045,Coop,0,4068,8,20,-12,-5,109190
2045,Coop,0,4076,8,20,-12,-5,2047,Coop,0,482,20,32,0,7,109191
2047,Coop,0,502,20,32,0,7,2045,Coop,0,4084,8,20,-12,-5,109192
2045,Coop,0,4092,8,20,-12,-5,2047,Coop,0,522,20,32,0,7,109193
2047,Coop,0,542,20,32,0,7,2045,Coop,0,4100,8,20,-12,-5,109194
2045,Coop,0,4108,8,20,-12,-5,2047,Coop,0,562,20,32,0,7,109195
2047,Coop,0,582,20,32,0,7,2045,Coop,0,4116,8,20,-12,-5,109196
2045,Coop,0,4124,8,20,-12,-5,2047,Coop,0,602,20,32,0,7,109197
2047,Buy,0,602,20,32,0,7,2047,Buy,0,102,21,33,1,8,109198
2047,Coop,0,123,21,33,1,8,2045,Coop,0,4132,8,20,-12,-5,109199
2045,Coop,0,4140,8,20,-12,-5,2047,Coop,0,144,21,33,1,8,109200
2047,Coop,0,165,21,33,1,8,2045,Coop,0,4148,8,20,-12,-5,109201
2045,Coop,0,4156,8,20,-12,-5,2047,Coop,0,186,21,33,1,8,109202
2047,Coop,0,207,21,33,1,8,2045,Coop,0,4164,8,20,-12,-5,109203
2045,Coop,0,4172,8,20,-12,-5,2047,Coop,0,228,21,33,1,8,109204
2047,Coop,0,249,21,33,1,8,2045,Coop,0,4180,8,20,-12,-5,109205
2045,Coop,0,4188,8,20,-12,-5,2047,Coop,0,270,21,33,1,8,109206
2047,Coop,0,291,21,33,1,8,2045,Coop,0,4196,8,20,-12,-5,109207
2045,Coop,0,4204,8,20,-12,-5,2047,Coop,0,312,21,33,1,8,109208
2047,Coop,0,333,21,33,1,8,2045,Coop,0,4212,8,20,-12,-5,109209
2045,Coop,0,4220,8,20,-12,-5,2047,Coop,0,354,21,33,1,8,109210
2047,Coop,0,375,21,33,1,8,2045,Coop,0,4228,8,20,-12,-5,109211
2045,Coop,0,4236,8,20,-12,-5,2047,Coop,0,396,21,33,1,8,109212
2047,Coop,0,417,21,33,1,8,2045,Coop,0,4244,8,20,-12,-5,109213
2045,Coop,0,4252,8,20,-12,-5,2047,Coop,0,438,21,33,1,8,109214
2047,Coop,0,459,21,33,1,8,2045,Coop,0,4260,8,20,-12,-5,109215
2045,Coop,0,4268,8,20,-12,-5,2047,Coop,0,480,21,33,1,8,109216
2047,Coop,0,501,21,33,1,8,2045,Coop,0,4276,8,20,-12,-5,109217
2045,Coop,0,4284,8,20,-12,-5,2047,Coop,0,522,21,33,1,8,109218
2047,Coop,0,543,21,33,1,8,2045,Coop,0,4292,8,20,-12,-5,109219
2045,Coop,0,4300,8,20,-12,-5,2047,Coop,0,564,21,33,1,8,109220
2047,Coop,0,585,21,33,1,8,2045,Coop,0,4308,8,20,-12,-5,109221
2045,Coop,0,4316,8,20,-12,-5,2047,Coop,0,606,21,33,1,8,109222
2047,Buy,0,606,21,33,1,8,2047,Buy,0,106,22,34,2,9,109223
2047,Coop,0,128,22,34,2,9,2045,Coop,0,4324,8,20,-12,-5,109224
2045,Coop,0,4332,8,20,-12,-5,2047,Coop,0,150,22,34,2,9,109225
2047,Coop,0,172,22,34,2,9,2045,Coop,0,4340,8,20,-12,-5,109226
2045,Coop,0,4348,8,20,-12,-5,2047,Coop,0,194,22,34,2,9,109227
2047,Coop,0,216,22,34,2,9,2045,Coop,0,4356,8,20,-12,-5,109228
2045,Coop,0,4364,8,20,-12,-5,2047,Coop,0,238,22,34,2,9,109229
2047,Coop,0,260,22,34,2,9,2045,Coop,0,4372,8,20,-12,-5,109230
2045,Coop,0,4380,8,20,-12,-5,2047,Coop,0,282,22,34,2,9,109231
2047,Coop,0,304,22,34,2,9,2045,Coop,0,4388,8,20,-12,-5,109232
2045,Coop,0,4396,8,20,-12,-5,2047,Coop,0,326,22,34,2,9,109233
2047,Coop,0,348,22,34,2,9,2045,Coop,0,4404,8,20,-12,-5,109234
2045,Coop,0,4412,8,20,-12,-5,2047,Coop,0,370,22,34,2,9,109235
2047,Coop,0,392,22,34,2,9,2045,Coop,0,4420,8,20,-12,-5,109236
2045,Coop,0,4428,8,20,-12,-5,2047,Coop,0,414,22,34,2,9,109237
2047,Coop,0,436,22,34,2,9,2045,Coop,0,4436,8,20,-12,-5,109238
2045,Coop,0,4444,8,20,-12,-5,2047,Coop,0,458,22,34,2,9,109239
2047,Coop,0,480,22,34,2,9,2045,Coop,0,4452,8,20,-12,-5,109240
2045,Coop,0,4460,8,20,-12,-5,2047,Coop,0,502,22,34,2,9,109241
2047,Coop,0,524,22,34,2,9,2045,Coop,0,4468,8,20,-12,-5,109242
2045,Coop,0,4476,8,20,-12,-5,2047,Coop,0,546,22,34,2,9,109243
2047,Coop,0,568,22,34,2,9,2045,Coop,0,4484,8,20,-12,-5,109244
2045,Coop,0,4492,8,20,-12,-5,2047,Coop,0,590,22,34,2,9,109245
2047,Coop,0,612,22,34,2,9,2045,Coop,0,4500,8,20,-12,-5,109246
2047,Buy,0,612,22,34,2,9,2047,Buy,0,112,23,35,3,10,109247
2045,Coop,0,4508,8,20,-12,-5,2047,Coop,0,135,23,35,3,10,109248
2047,Coop,0,158,23,35,3,10,2045,Coop,0,4516,8,20,-12,-5,109249
2045,Coop,0,4524,8,20,-12,-5,2047,Coop,0,181,23,35,3,10,109250
2047,Coop,0,204,23,35,3,10,2045,Coop,0,4532,8,20,-12,-5,109251
2045,Coop,0,4540,8,20,-12,-5,2047,Coop,0,227,23,35,3,10,109252
2047,Coop,0,250,23,35,3,10,2045,Coop,0,4548,8,20,-12,-5,109253
2045,Coop,0,4556,8,20,-12,-5,2047,Coop,0,273,23,35,3,10,109254
2047,Coop,0,296,23,35,3,10,2045,Coop,0,4564,8,20,-12,-5,109255
2045,Coop,0,4572,8,20,-12,-5,2047,Coop,0,319,23,35,3,10,109256
2047,Coop,0,342,23,35,3,10,2045,Coop,0,4580,8,20,-12,-5,109257
2045,Coop,0,4588,8,20,-12,-5,2047,Coop,0,365,23,35,3,10,109258
2047,Coop,0,388,23,35,3,10,2045,Coop,0,4596,8,20,-12,-5,109259
2045,Coop,0,4604,8,20,-12,-5,2047,Coop,0,411,23,35,3,10,109260
2047,Coop,0,434,23,35,3,10,2045,Coop,0,4612,8,20,-12,-5,109261
2045,Coop,0,4620,8,20,-12,-5,2047,Coop,0,457,23,35,3,10,109262
2047,Coop,0,480,23,35,3,10,2045,Coop,0,4628,8,20,-12,-5,109263
2045,Coop,0,4636,8,20,-12,-5,2047,Coop,0,503,23,35,3,10,109264
2047,Coop,0,526,23,35,3,10,2045,Coop,0,4644,8,20,-12,-5,109265
2045,Coop,0,4652,8,20,-12,-5,2047,Coop,0,549,23,35,3,10,109266
2047,Coop,0,572,23,35,3,10,2045,Coop,0,4660,8,20,-12,-5,109267
2045,Coop,0,4668,8,20,-12,-5,2047,Coop,0,595,23,35,3,10,109268
2047,Coop,0,618,23,35,3,10,2045,Coop,0,4676,8,20,-12,-5,109269
2047,Buy,0,618,23,35,3,10,2047,Buy,0,118,24,36,4,11,109270
2045,Coop,0,4684,8,20,-12,-5,2047,Coop,0,142,24,36,4,11,109271
2047,Coop,0,166,24,36,4,11,2045,Coop,0,4692,8,20,-12,-5,109272
2045,Coop,0,4700,8,20,-12,-5,2047,Coop,0,190,24,36,4,11,109273
2047,Coop,0,214,24,36,4,11,2045,Coop,0,4708,8,20,-12,-5,109274
2045,Coop,0,4716,8,20,-12,-5,2047,Coop,0,238,24,36,4,11,109275
2047,Coop,0,262,24,36,4,11,2045,Coop,0,4724,8,20,-12,-5,109276
2045,Coop,0,4732,8,20,-12,-5,2047,Coop,0,286,24,36,4,11,109277
2047,Coop,0,310,24,36,4,11,2045,Coop,0,4740,8,20,-12,-5,109278
2045,Coop,0,4748,8,20,-12,-5,2047,Coop,0,334,24,36,4,11,109279
2047,Coop,0,358,24,36,4,11,2045,Coop,0,4756,8,20,-12,-5,109280
2045,Coop,0,4764,8,20,-12,-5,2047,Coop,0,382,24,36,4,11,109281
2047,Coop,0,406,24,36,4,11,2045,Coop,0,4772,8,20,-12,-5,109282
2045,Coop,0,4780,8,20,-12,-5,2047,Coop,0,430,24,36,4,11,109283
2047,Coop,0,454,24,36,4,11,2045,Coop,0,4788,8,20,-12,-5,109284
2045,Coop,0,4796,8,20,-12,-5,2047,Coop,0,478,24,36,4,11,109285
2047,Coop,0,502,24,36,4,11,2045,Coop,0,4804,8,20,-12,-5,109286
2045,Coop,0,4812,8,20,-12,-5,2047,Coop,0,526,24,36,4,11,109287
2047,Coop,0,550,24,36,4,11,2045,Coop,0,4820,8,20,-12,-5,109288
2045,Coop,0,4828,8,20,-12,-5,2047,Coop,0,574,24,36,4,11,109289
2047,Coop,0,598,24,36,4,11,2045,Coop,0,4836,8,20,-12,-5,109290
2045,Coop,0,4844,8,20,-12,-5,2047,Coop,0,622,24,36,4,11,109291
2047,Buy,0,622,24,36,4,11,2047,Buy,0,122,25,37,5,12,109292
2047,Coop,0,147,25,37,5,12,2045,Coop,0,4852,8,20,-12,-5,109293
2045,Coop,0,4860,8,20,-12,-5,2047,Coop,0,172,25,37,5,12,109294
2047,Coop,0,197,25,37,5,12,2045,Coop,0,4868,8,20,-12,-5,109295
2045,Coop,0,4876,8,20,-12,-5,2047,Coop,0,222,25,37,5,12,109296
2047,Coop,0,247,25,37,5,12,2045,Coop,0,4884,8,20,-12,-5,109297
2045,Coop,0,4892,8,20,-12,-5,2047,Coop,0,272,25,37,5,12,109298
2047,Coop,0,297,25,37,5,12,2045,Coop,0,4900,8,20,-12,-5,109299
2045,Coop,0,4908,8,20,-12,-5,2047,Coop,0,322,25,37,5,12,109300
2047,Coop,0,347,25,37,5,12,2045,Coop,0,4916,8,20,-12,-5,109301
2045,Coop,0,4924,8,20,-12,-5,2047,Coop,0,372,25,37,5,12,109302
2047,Coop,0,397,25,37,5,12,2045,Coop,0,4932,8,20,-12,-5,109303
2045,Coop,0,4940,8,20,-12,-5,2047,Coop,0,422,25,37,5,12,109304
2047,Coop,0,447,25,37,5,12,2045,Coop,0,4948,8,20,-12,-5,109305
2045,Coop,0,4956,8,20,-12,-5,2047,Coop,0,472,25,37,5,12,109306
2047,Coop,0,497,25,37,5,12,2045,Coop,0,4964,8,20,-12,-5,109307
2045,Coop,0,4972,8,20,-12,-5,2047,Coop,0,522,25,37,5,12,109308
2047,Coop,0,547,25,37,5,12,2045,Coop,0,4980,8,20,-12,-5,109309
2045,Coop,0,4988,8,20,-12,-5,2047,Coop,0,572,25,37,5,12,109310
2047,Coop,0,597,25,37,5,12,2045,Coop,0,4996,8,20,-12,-5,109311
2045,Coop,0,5004,8,20,-12,-5,2047,Coop,0,622,25,37,5,12,109312
2047,Buy,0,622,25,37,5,12,2047,Buy,0,122,26,38,6,13,109313
2047,Coop,0,148,26,38,6,13,2045,Coop,0,5012,8,20,-12,-5,109314
2045,Coop,0,5020,8,20,-12,-5,2047,Coop,0,174,26,38,6,13,109315
2047,Coop,0,200,26,38,6,13,2045,Coop,0,5028,8,20,-12,-5,109316
2045,Coop,0,5036,8,20,-12,-5,2047,Coop,0,226,26,38,6,13,109317
2047,Coop,0,252,26,38,6,13,2045,Coop,0,5044,8,20,-12,-5,109318
2045,Coop,0,5052,8,20,-12,-5,2047,Coop,0,278,26,38,6,13,109319
2047,Coop,0,304,26,38,6,13,2045,Coop,0,5060,8,20,-12,-5,109320
2045,Coop,0,5068,8,20,-12,-5,2047,Coop,0,330,26,38,6,13,109321
2047,Coop,0,356,26,38,6,13,2045,Coop,0,5076,8,20,-12,-5,109322
2045,Coop,0,5084,8,20,-12,-5,2047,Coop,0,382,26,38,6,13,109323
2047,Coop,0,408,26,38,6,13,2045,Coop,0,5092,8,20,-12,-5,109324
2045,Coop,0,5100,8,20,-12,-5,2047,Coop,0,434,26,38,6,13,109325
2047,Coop,0,460,26,38,6,13,2045,Coop,0,5108,8,20,-12,-5,109326
2045,Coop,0,5116,8,20,-12,-5,2047,Coop,0,486,26,38,6,13,109327
2047,Coop,0,512,26,38,6,13,2045,Coop,0,5124,8,20,-12,-5,109328
2045,Coop,0,5132,8,20,-12,-5,2047,Coop,0,538,26,38,6,13,109329
2047,Coop,0,564,26,38,6,13,2045,Coop,0,5140,8,20,-12,-5,109330
2045,Coop,0,5148,8,20,-12,-5,2047,Coop,0,590,26,38,6,13,109331
2047,Coop,0,616,26,38,6,13,2045,Coop,0,5156,8,20,-12,-5,109332
2047,Buy,0,616,26,38,6,13,2047,Buy,0,116,27,39,7,14,109333
2045,Coop,0,5164,8,20,-12,-5,2047,Coop,0,143,27,39,7,14,109334
2047,Coop,0,170,27,39,7,14,2045,Coop,0,5172,8,20,-12,-5,109335
2045,Coop,0,5180,8,20,-12,-5,2047,Coop,0,197,27,39,7,14,109336
2047,Coop,0,224,27,39,7,14,2045,Coop,0,5188,8,20,-12,-5,109337
2045,Coop,0,5196,8,20,-12,-5,2047,Coop,0,251,27,39,7,14,109338
2047,Coop,0,278,27,39,7,14,2045,Coop,0,5204,8,20,-12,-5,109339
2045,Coop,0,5212,8,20,-12,-5,2047,Coop,0,305,27,39,7,14,109340
2047,Coop,0,332,27,39,7,14,2045,Coop,0,5220,8,20,-12,-5,109341
2045,Coop,0,5228,8,20,-12,-5,2047,Coop,0,359,27,39,7,14,109342
2047,Coop,0,386,27,39,7,14,2045,Coop,0,5236,8,20,-12,-5,109343
2045,Coop,0,5244,8,20,-12,-5,2047,Coop,0,413,27,39,7,14,109344
2047,Coop,0,440,27,39,7,14,2045,Coop,0,5252,8,20,-12,-5,109345
2045,Coop,0,5260,8,20,-12,-5,2047,Coop,0,467,27,39,7,14,109346
2047,Coop,0,494,27,39,7,14,2045,Coop,0,5268,8,20,-12,-5,109347
2045,Coop,0,5276,8,20,-12,-5,2047,Coop,0,521,27,39,7,14,109348
2047,Coop,0,548,27,39,7,14,2045,Coop,0,5284,8,20,-12,-5,109349
2045,Coop,0,5292,8,20,-12,-5,2047,Coop,0,575,27,39,7,14,109350
2047,Coop,0,602,27,39,7,14,2045,Coop,0,5300,8,20,-12,-5,109351
2047,Buy,0,602,27,39,7,14,2047,Buy,0,102,28,40,8,15,109352
2045,Coop,0,5308,8,20,-12,-5,2047,Coop,0,130,28,40,8,15,109353
2047,Coop,0,158,28,40,8,15,2045,Coop,0,5316,8,20,-12,-5,109354
2045,Coop,0,5324,8,20,-12,-5,2047,Coop,0,186,28,40,8,15,109355
2047,Coop,0,214,28,40,8,15,2045,Coop,0,5332,8,20,-12,-5,109356
2045,Coop,0,5340,8,20,-12,-5,2047,Coop,0,242,28,40,8,15,109357
2047,Coop,0,270,28,40,8,15,2045,Coop,0,5348,8,20,-12,-5,109358
2045,Coop,0,5356,8,20,-12,-5,2047,Coop,0,298,28,40,8,15,109359
2047,Coop,0,326,28,40,8,15,2045,Coop,0,5364,8,20,-12,-5,109360
2045,Coop,0,5372,8,20,-12,-5,2047,Coop,0,354,28,40,8,15,109361
2047,Coop,0,382,28,40,8,15,2045,Coop,0,5380,8,20,-12,-5,109362
2045,Coop,0,5388,8,20,-12,-5,2047,Coop,0,410,28,40,8,15,109363
2047,Coop,0,438,28,40,8,15,2045,Coop,0,5396,8,20,-12,-5,109364
2045,Coop,0,5404,8,20,-12,-5,2047,Coop,0,466,28,40,8,15,109365
2047,Coop,0,494,28,40,8,15,2045,Coop,0,5412,8,20,-12,-5,109366
2045,Coop,0,5420,8,20,-12,-5,2047,Coop,0,522,28,40,8,15,109367
2047,Coop,0,550,28,40,8,15,2045,Coop,0,5428,8,20,-12,-5,109368
2045,Coop,0,5436,8,20,-12,-5,2047,Coop,0,578,28,40,8,15,109369
2047,Coop,0,606,28,40,8,15,2045,Coop,0,5444,8,20,-12,-5,109370
2047,Buy,0,606,28,40,8,15,2047,Buy,0,106,29,41,9,16,109371
2045,Coop,0,5452,8,20,-12,-5,2047,Coop,0,135,29,41,9,16,109372
2047,Coop,0,164,29,41,9,16,2045,Coop,0,5460,8,20,-12,-5,109373
2045,Coop,0,5468,8,20,-12,-5,2047,Coop,0,193,29,41,9,16,109374
2047,Coop,0,222,29,41,9,16,2045,Coop,0,5476,8,20,-12,-5,109375
2045,Coop,0,5484,8,20,-12,-5,2047,Coop,0,251,29,41,9,16,109376
2047,Coop,0,280,29,41,9,16,2045,Coop,0,5492,8,20,-12,-5,109377
2045,Coop,0,5500,8,20,-12,-5,2047,Coop,0,309,29,41,9,16,109378
2047,Coop,0,338,29,41,9,16,2045,Coop,0,5508,8,20,-12,-5,109379
2045,Coop,0,5516,8,20,-12,-5,2047,Coop,0,367,29,41,9,16,109380
2047,Coop,0,396,29,41,9,16,2045,Coop,0,5524,8,20,-12,-5,109381
2045,Coop,0,5532,8,20,-12,-5,2047,Coop,0,425,29,41,9,16,109382
2047,Coop,0,454,29,41,9,16,2045,Coop,0,5540,8,20,-12,-5,109383
2045,Coop,0,5548,8,20,-12,-5,2047,Coop,0,483,29,41,9,16,109384
2047,Coop,0,512,29,41,9,16,2045,Coop,0,5556,8,20,-12,-5,109385
2045,Coop,0,5564,8,20,-12,-5,2047,Coop,0,541,29,41,9,16,109386
2047,Coop,0,570,29,41,9,16,2045,Coop,0,5572,8,20,-12,-5,109387
2045,Coop,0,5580,8,20,-12,-5,2047,Coop,0,599,29,41,9,16,109388
2047,Coop,0,628,29,41,9,16,2045,Coop,0,5588,8,20,-12,-5,109389
2047,Buy,0,628,29,41,9,16,2047,Buy,0,128,30,42,10,17,109390
2045,Coop,0,5596,8,20,-12,-5,2047,Coop,0,158,30,42,10,17,109391
2047,Coop,0,188,30,42,10,17,2045,Coop,0,5604,8,20,-12,-5,109392
2045,Coop,0,5612,8,20,-12,-5,2047,Coop,0,218,30,42,10,17,109393
2047,Coop,0,248,30,42,10,17,2045,Coop,0,5620,8,20,-12,-5,109394
2045,Coop,0,5628,8,20,-12,-5,2047,Coop,0,278,30,42,10,17,109395
2047,Coop,0,308,30,42,10,17,2045,Coop,0,5636,8,20,-12,-5,109396
2045,Coop,0,5644,8,20,-12,-5,2047,Coop,0,338,30,42,10,17,109397
2047,Coop,0,368,30,42,10,17,2045,Coop,0,5652,8,20,-12,-5,109398
2045,Coop,0,5660,8,20,-12,-5,2047,Coop,0,398,30,42,10,17,109399
2047,Coop,0,428,30,42,10,17,2045,Coop,0,5668,8,20,-12,-5,109400
2045,Coop,0,5676,8,20,-12,-5,2047,Coop,0,458,30,42,10,17,109401
2047,Coop,0,488,30,42,10,17,2045,Coop,0,5684,8,20,-12,-5,109402
2045,Coop,0,5692,8,20,-12,-5,2047,Coop,0,518,30,42,10,17,109403
2047,Coop,0,548,30,42,10,17,2045,Coop,0,5700,8,20,-12,-5,109404
2045,Coop,0,5708,8,20,-12,-5,2047,Coop,0,578,30,42,10,17,109405
2047,Coop,0,608,30,42,10,17,2045,Coop,0,5716,8,20,-12,-5,109406
2047,Buy,0,608,30,42,10,17,2047,Buy,0,108,31,43,11,18,109407
2045,Coop,0,5724,8,20,-12,-5,2047,Coop,0,139,31,43,11,18,109408
2047,Coop,0,170,31,43,11,18,2045,Coop,0,5732,8,20,-12,-5,109409
2045,Coop,0,5740,8,20,-12,-5,2047,Coop,0,201,31,43,11,18,109410
2047,Coop,0,232,31,43,11,18,2045,Coop,0,5748,8,20,-12,-5,109411
2045,Coop,0,5756,8,20,-12,-5,2047,Coop,0,263,31,43,11,18,109412
2047,Coop,0,294,31,43,11,18,2045,Coop,0,5764,8,20,-12,-5,109413
2045,Coop,0,5772,8,20,-12,-5,2047,Coop,0,325,31,43,11,18,109414
2047,Coop,0,356,31,43,11,18,2045,Coop,0,5780,8,20,-12,-5,109415
2045,Coop,0,5788,8,20,-12,-5,2047,Coop,0,387,31,43,11,18,109416
2047,Coop,0,418,31,43,11,18,2045,Coop,0,5796,8,20,-12,-5,109417
2045,Coop,0,5804,8,20,-12,-5,2047,Coop,0,449,31,43,11,18,109418
2047,Coop,0,480,31,43,11,18,2045,Coop,0,5812,8,20,-12,-5,109419
2045,Coop,0,5820,8,20,-12,-5,2047,Coop,0,511,31,43,11,18,109420
2047,Coop,0,542,31,43,11,18,2045,Coop,0,5828,8,20,-12,-5,109421
2045,Coop,0,5836,8,20,-12,-5,2047,Coop,0,573,31,43,11,18,109422
2047,Coop,0,604,31,43,11,18,2045,Coop,0,5844,8,20,-12,-5,109423
2047,Buy,0,604,31,43,11,18,2047,Buy,0,104,32,44,12,19,109424
2045,Coop,0,5852,8,20,-12,-5,2047,Coop,0,136,32,44,12,19,109425
2047,Coop,0,168,32,44,12,19,2045,Coop,0,5860,8,20,-12,-5,109426
2045,Coop,0,5868,8,20,-12,-5,2047,Coop,0,200,32,44,12,19,109427
2047,Coop,0,232,32,44,12,19,2045,Coop,0,5876,8,20,-12,-5,109428
2045,Coop,0,5884,8,20,-12,-5,2047,Coop,0,264,32,44,12,19,109429
2047,Coop,0,296,32,44,12,19,2045,Coop,0,5892,8,20,-12,-5,109430
2045,Coop,0,5900,8,20,-12,-5,2047,Coop,0,328,32,44,12,19,109431
2047,Coop,0,360,32,44,12,19,2045,Coop,0,5908,8,20,-12,-5,109432
2045,Coop,0,5916,8,20,-12,-5,2047,Coop,0,392,32,44,12,19,109433
2047,Coop,0,424,32,44,12,19,2045,Coop,0,5924,8,20,-12,-5,109434
2045,Coop,0,5932,8,20,-12,-5,2047,Coop,0,456,32,44,12,19,109435
2047,Coop,0,488,32,44,12,19,2045,Coop,0,5940,8,20,-12,-5,109436
2045,Coop,0,5948,8,20,-12,-5,2047,Coop,0,520,32,44,12,19,109437
2047,Coop,0,552,32,44,12,19,2045,Coop,0,5956,8,20,-12,-5,109438
2045,Coop,0,5964,8,20,-12,-5,2047,Coop,0,584,32,44,12,19,109439
2047,Coop,0,616,32,44,12,19,2045,Coop,0,5972,8,20,-12,-5,109440
2047,Buy,0,616,32,44,12,19,2047,Buy,0,116,33,45,13,20,109441
2045,Coop,0,5980,8,20,-12,-5,2047,Coop,0,149,33,45,13,20,109442
2047,Coop,0,182,33,45,13,20,2045,Coop,0,5988,8,20,-12,-5,109443
2045,Coop,0,5996,8,20,-12,-5,2047,Coop,0,215,33,45,13,20,109444
2047,Coop,0,248,33,45,13,20,2045,Coop,0,6004,8,20,-12,-5,109445
2045,Coop,0,6012,8,20,-12,-5,2047,Coop,0,281,33,45,13,20,109446
2047,Coop,0,314,33,45,13,20,2045,Coop,0,6020,8,20,-12,-5,109447
2045,Coop,0,6028,8,20,-12,-5,2047,Coop,0,347,33,45,13,20,109448
2047,Coop,0,380,33,45,13,20,2045,Coop,0,6036,8,20,-12,-5,109449
2045,Coop,0,6044,8,20,-12,-5,2047,Coop,0,413,33,45,13,20,109450
2047,Coop,0,446,33,45,13,20,2045,Coop,0,6052,8,20,-12,-5,109451
2045,Coop,0,6060,8,20,-12,-5,2047,Coop,0,479,33,45,13,20,109452
2047,Coop,0,512,33,45,13,20,2045,Coop,0,6068,8,20,-12,-5,109453
2045,Coop,0,6076,8,20,-12,-5,2047,Coop,0,545,33,45,13,20,109454
2047,Coop,0,578,33,45,13,20,2045,Coop,0,6084,8,20,-12,-5,109455
2045,Coop,0,6092,8,20,-12,-5,2047,Coop,0,611,33,45,13,20,109456
2047,Buy,0,611,33,45,13,20,2047,Buy,0,111,34,46,14,21,109457
2047,Coop,0,145,34,46,14,21,2045,Coop,0,6100,8,20,-12,-5,109458
2045,Coop,0,6108,8,20,-12,-5,2047,Coop,0,179,34,46,14,21,109459
2047,Coop,0,213,34,46,14,21,2045,Coop,0,6116,8,20,-12,-5,109460
2045,Coop,0,6124,8,20,-12,-5,2047,Coop,0,247,34,46,14,21,109461
2047,Coop,0,281,34,46,14,21,2045,Coop,0,6132,8,20,-12,-5,109462
2045,Coop,0,6140,8,20,-12,-5,2047,Coop,0,315,34,46,14,21,109463
2047,Coop,0,349,34,46,14,21,2045,Coop,0,6148,8,20,-12,-5,109464
2045,Coop,0,6156,8,20,-12,-5,2047,Coop,0,383,34,46,14,21,109465
2047,Coop,0,417,34,46,14,21,2045,Coop,0,6164,8,20,-12,-5,109466
2045,Coop,0,6172,8,20,-12,-5,2047,Coop,0,451,34,46,14,21,109467
2047,Coop,0,485,34,46,14,21,2045,Coop,0,6180,8,20,-12,-5,109468
2045,Coop,0,6188,8,20,-12,-5,2047,Coop,0,519,34,46,14,21,109469
2047,Coop,0,553,34,46,14,21,2045,Coop,0,6196,8,20,-12,-5,109470
2045,Coop,0,6204,8,20,-12,-5,2047,Coop,0,587,34,46,14,21,109471
2047,Coop,0,621,34,46,14,21,2045,Coop,0,6212,8,20,-12,-5,109472
2047,Buy,0,621,34,46,14,21,2047,Buy,0,121,35,47,15,22,109473
2045,Coop,0,6220,8,20,-12,-5,2047,Coop,0,156,35,47,15,22,109474
2047,Coop,0,191,35,47,15,22,2045,Coop,0,6228,8,20,-12,-5,109475
2045,Coop,0,6236,8,20,-12,-5,2047,Coop,0,226,35,47,15,22,109476
2047,Coop,0,261,35,47,15,22,2045,Coop,0,6244,8,20,-12,-5,109477
2045,Coop,0,6252,8,20,-12,-5,2047,Coop,0,296,35,47,15,22,109478
2047,Coop,0,331,35,47,15,22,2045,Coop,0,6260,8,20,-12,-5,109479
2045,Coop,0,6268,8,20,-12,-5,2047,Coop,0,366,35,47,15,22,109480
2047,Coop,0,401,35,47,15,22,2045,Coop,0,6276,8,20,-12,-5,109481
2045,Coop,0,6284,8,20,-12,-5,2047,Coop,0,436,35,47,15,22,109482
2047,Coop,0,471,35,47,15,22,2045,Coop,0,6292,8,20,-12,-5,109483
2045,Coop,0,6300,8,20,-12,-5,2047,Coop,0,506,35,47,15,22,109484
2047,Coop,0,541,35,47,15,22,2045,Coop,0,6308,8,20,-12,-5,109485
2045,Coop,0,6316,8,20,-12,-5,2047,Coop,0,576,35,47,15,22,109486
2047,Coop,0,611,35,47,15,22,2045,Coop,0,6324,8,20,-12,-5,109487
2047,Buy,0,611,35,47,15,22,2047,Buy,0,111,36,48,16,23,109488
2045,Coop,0,6332,8,20,-12,-5,2047,Coop,0,147,36,48,16,23,109489
2047,Coop,0,183,36,48,16,23,2045,Coop,0,6340,8,20,-12,-5,109490
2045,Coop,0,6348,8,20,-12,-5,2047,Coop,0,219,36,48,16,23,109491
2047,Coop,0,255,36,48,16,23,2045,Coop,0,6356,8,20,-12,-5,109492
2045,Coop,0,6364,8,20,-12,-5,2047,Coop,0,291,36,48,16,23,109493
2047,Coop,0,327,36,48,16,23,2045,Coop,0,6372,8,20,-12,-5,109494
2045,Coop,0,6380,8,20,-12,-5,2047,Coop,0,363,36,48,16,23,109495
2047,Coop,0,399,36,48,16,23,2045,Coop,0,6388,8,20,-12,-5,109496
2045,Coop,0,6396,8,20,-12,-5,2047,Coop,0,435,36,48,16,23,109497
2047,Coop,0,471,36,48,16,23,2045,Coop,0,6404,8,20,-12,-5,109498
2045,Coop,0,6412,8,20,-12,-5,2047,Coop,0,507,36,48,16,23,109499
2047,Coop,0,543,36,48,16,23,2045,Coop,0,6420,8,20,-12,-5,109500
2045,Coop,0,6428,8,20,-12,-5,2047,Coop,0,579,36,48,16,23,109501
2047,Coop,0,615,36,48,16,23,2045,Coop,0,6436,8,20,-12,-5,109502
2047,Buy,0,615,36,48,16,23,2047,Buy,0,115,37,49,17,24,109503
2045,Coop,0,6444,8,20,-12,-5,2047,Coop,0,152,37,49,17,24,109504
2047,Coop,0,189,37,49,17,24,2045,Coop,0,6452,8,20,-12,-5,109505
2045,Coop,0,6460,8,20,-12,-5,2047,Coop,0,226,37,49,17,24,109506
2047,Coop,0,263,37,49,17,24,2045,Coop,0,6468,8,20,-12,-5,109507
2045,Coop,0,6476,8,20,-12,-5,2047,Coop,0,300,37,49,17,24,109508
2047,Coop,0,337,37,49,17,24,2045,Coop,0,6484,8,20,-12,-5,109509
2045,Coop,0,6492,8,20,-12,-5,2047,Coop,0,374,37,49,17,24,109510
2047,Coop,0,411,37,49,17,24,2045,Coop,0,6500,8,20,-12,-5,109511
2045,Coop,0,6508,8,20,-12,-5,2047,Coop,0,448,37,49,17,24,109512
2047,Coop,0,485,37,49,17,24,2045,Coop,0,6516,8,20,-12,-5,109513
2045,Coop,0,6524,8,20,-12,-5,2047,Coop,0,522,37,49,17,24,109514
2047,Coop,0,559,37,49,17,24,2045,Coop,0,6532,8,20,-12,-5,109515
2045,Coop,0,6540,8,20,-12,-5,2047,Coop,0,596,37,49,17,24,109516
2047,Coop,0,633,37,49,17,24,2045,Coop,0,6548,8,20,-12,-5,109517
2047,Buy,0,633,37,49,17,24,2047,Buy,0,133,38,50,18,25,109518
2045,Coop,0,6556,8,20,-12,-5,2047,Coop,0,171,38,50,18,25,109519
2047,Coop,0,209,38,50,18,25,2045,Coop,0,6564,8,20,-12,-5,109520
2045,Coop,0,6572,8,20,-12,-5,2047,Coop,0,247,38,50,18,25,109521
2047,Coop,0,285,38,50,18,25,2045,Coop,0,6580,8,20,-12,-5,109522
2045,Coop,0,6588,8,20,-12,-5,2047,Coop,0,323,38,50,18,25,109523
2047,Coop,0,361,38,50,18,25,2045,Coop,0,6596,8,20,-12,-5,109524
2045,Coop,0,6604,8,20,-12,-5,2047,Coop,0,399,38,50,18,25,109525
2047,Coop,0,437,38,50,18,25,2045,Coop,0,6612,8,20,-12,-5,109526
2045,Coop,0,6620,8,20,-12,-5,2047,Coop,0,475,38,50,18,25,109527
2047,Coop,0,513,38,50,18,25,2045,Coop,0,6628,8,20,-12,-5,109528
2045,Coop,0,6636,8,20,-12,-5,2047,Coop,0,551,38,50,18,25,109529
2047,Coop,0,589,38,50,18,25,2045,Coop,0,6644,8,20,-12,-5,109530
2045,Coop,0,6652,8,20,-12,-5,2047,Coop,0,627,38,50,18,25,109531
2047,Buy,0,627,38,50,18,25,2047,Buy,0,127,39,51,19,26,109532
2047,Coop,0,166,39,51,19,26,2045,Coop,0,6660,8,20,-12,-5,109533
2045,Coop,0,6668,8,20,-12,-5,2047,Coop,0,205,39,51,19,26,109534
2047,Coop,0,244,39,51,19,26,2045,Coop,0,6676,8,20,-12,-5,109535
2045,Coop,0,6684,8,20,-12,-5,2047,Coop,0,283,39,51,19,26,109536
2047,Coop,0,322,39,51,19,26,2045,Coop,0,6692,8,20,-12,-5,109537
2045,Coop,0,6700,8,20,-12,-5,2047,Coop,0,361,39,51,19,26,109538
2047,Coop,0,400,39,51,19,26,2045,Coop,0,6708,8,20,-12,-5,109539
2045,Coop,0,6716,8,20,-12,-5,2047,Coop,0,439,39,51,19,26,109540
2047,Coop,0,478,39,51,19,26,2045,Coop,0,6724,8,20,-12,-5,109541
2045,Coop,0,6732,8,20,-12,-5,2047,Coop,0,517,39,51,19,26,109542
2047,Coop,0,556,39,51,19,26,2045,Coop,0,6740,8,20,-12,-5,109543
2045,Coop,0,6748,8,20,-12,-5,2047,Coop,0,595,39,51,19,26,109544
2047,Coop,0,634,39,51,19,26,2045,Coop,0,6756,8,20,-12,-5,109545
2047,Buy,0,634,39,51,19,26,2047,Buy,0,134,40,52,20,27,109546
2045,Coop,0,6764,8,20,-12,-5,2047,Coop,0,174,40,52,20,27,109547
2047,Coop,0,214,40,52,20,27,2045,Coop,0,6772,8,20,-12,-5,109548
2045,Coop,0,6780,8,20,-12,-5,2047,Coop,0,254,40,52,20,27,109549
2047,Coop,0,294,40,52,20,27,2045,Coop,0,6788,8,20,-12,-5,109550
2045,Coop,0,6796,8,20,-12,-5,2047,Coop,0,334,40,52,20,27,109551
2047,Coop,0,374,40,52,20,27,2045,Coop,0,6804,8,20,-12,-5,109552
2045,Coop,0,6812,8,20,-12,-5,2047,Coop,0,414,40,52,20,27,109553
2047,Coop,0,454,40,52,20,27,2045,Coop,0,6820,8,20,-12,-5,109554
2045,Coop,0,6828,8,20,-12,-5,2047,Coop,0,494,40,52,20,27,109555
2047,Coop,0,534,40,52,20,27,2045,Coop,0,6836,8,20,-12,-5,109556
2045,Coop,0,6844,8,20,-12,-5,2047,Coop,0,574,40,52,20,27,109557
2047,Coop,0,614,40,52,20,27,2045,Coop,0,6852,8,20,-12,-5,109558
2047,Buy,0,614,40,52,20,27,2047,Buy,0,114,41,53,21,28,109559
2045,Coop,0,6860,8,20,-12,-5,2047,Coop,0,155,41,53,21,28,109560
2047,Coop,0,196,41,53,21,28,2045,Coop,0,6868,8,20,-12,-5,109561
2045,Coop,0,6876,8,20,-12,-5,2047,Coop,0,237,41,53,21,28,109562
2047,Coop,0,278,41,53,21,28,2045,Coop,0,6884,8,20,-12,-5,109563
2045,Coop,0,6892,8,20,-12,-5,2047,Coop,0,319,41,53,21,28,109564
2047,Coop,0,360,41,53,21,28,2045,Coop,0,6900,8,20,-12,-5,109565
2045,Coop,0,6908,8,20,-12,-5,2047,Coop,0,401,41,53,21,28,109566
2047,Coop,0,442,41,53,21,28,2045,Coop,0,6916,8,20,-12,-5,109567
2045,Coop,0,6924,8,20,-12,-5,2047,Coop,0,483,41,53,21,28,109568
2047,Coop,0,524,41,53,21,28,2045,Coop,0,6932,8,20,-12,-5,109569
2045,Coop,0,6940,8,20,-12,-5,2047,Coop,0,565,41,53,21,28,109570
2047,Coop,0,606,41,53,21,28,2045,Coop,0,6948,8,20,-12,-5,109571
2047,Buy,0,606,41,53,21,28,2047,Buy,0,106,42,54,22,29,109572
2045,Coop,0,6956,8,20,-12,-5,2047,Coop,0,148,42,54,22,29,109573
2047,Coop,0,190,42,54,22,29,2045,Coop,0,6964,8,20,-12,-5,109574
2045,Coop,0,6972,8,20,-12,-5,2047,Coop,0,232,42,54,22,29,109575
2047,Coop,0,274,42,54,22,29,2045,Coop,0,6980,8,20,-12,-5,109576
2045,Coop,0,6988,8,20,-12,-5,2047,Coop,0,316,42,54,22,29,109577
2047,Coop,0,358,42,54,22,29,2045,Coop,0,6996,8,20,-12,-5,109578
2045,Coop,0,7004,8,20,-12,-5,2047,Coop,0,400,42,54,22,29,109579
2047,Coop,0,442,42,54,22,29,2045,Coop,0,7012,8,20,-12,-5,109580
2045,Coop,0,7020,8,20,-12,-5,2047,Coop,0,484,42,54,22,29,109581
2047,Coop,0,526,42,54,22,29,2045,Coop,0,7028,8,20,-12,-5,109582
2045,Coop,0,7036,8,20,-12,-5,2047,Coop,0,568,42,54,22,29,109583
2047,Coop,0,610,42,54,22,29,2045,Coop,0,7044,8,20,-12,-5,109584
2047,Buy,0,610,42,54,22,29,2047,Buy,0,110,43,55,23,30,109585
2045,Coop,0,7052,8,20,-12,-5,2047,Coop,0,153,43,55,23,30,109586
2047,Coop,0,196,43,55,23,30,2045,Coop,0,7060,8,20,-12,-5,109587
2045,Coop,0,7068,8,20,-12,-5,2047,Coop,0,239,43,55,23,30,109588
2047,Coop,0,282,43,55,23,30,2045,Coop,0,7076,8,20,-12,-5,109589
2045,Coop,0,7084,8,20,-12,-5,2047,Coop,0,325,43,55,23,30,109590
2047,Coop,0,368,43,55,23,30,2045,Coop,0,7092,8,20,-12,-5,109591
2045,Coop,0,7100,8,20,-12,-5,2047,Coop,0,411,43,55,23,30,109592
2047,Coop,0,454,43,55,23,30,2045,Coop,0,7108,8,20,-12,-5,109593
2045,Coop,0,7116,8,20,-12,-5,2047,Coop,0,497,43,55,23,30,109594
2047,Coop,0,540,43,55,23,30,2045,Coop,0,7124,8,20,-12,-5,109595
2045,Coop,0,7132,8,20,-12,-5,2047,Coop,0,583,43,55,23,30,109596
2047,Coop,0,626,43,55,23,30,2045,Coop,0,7140,8,20,-12,-5,109597
2047,Buy,0,626,43,55,23,30,2047,Buy,0,126,44,56,24,31,109598
2045,Coop,0,7148,8,20,-12,-5,2047,Coop,0,170,44,56,24,31,109599
2047,Coop,0,214,44,56,24,31,2045,Coop,0,7156,8,20,-12,-5,109600
2045,Coop,0,7164,8,20,-12,-5,2047,Coop,0,258,44,56,24,31,109601
2047,Coop,0,302,44,56,24,31,2045,Coop,0,7172,8,20,-12,-5,109602
2045,Coop,0,7180,8,20,-12,-5,2047,Coop,0,346,44,56,24,31,109603
2047,Coop,0,390,44,56,24,31,2045,Coop,0,7188,8,20,-12,-5,109604
2045,Coop,0,7196,8,20,-12,-5,2047,Coop,0,434,44,56,24,31,109605
2047,Coop,0,478,44,56,24,31,2045,Coop,0,7204,8,20,-12,-5,109606
2045,Coop,0,7212,8,20,-12,-5,2047,Coop,0,522,44,56,24,31,109607
2047,Coop,0,566,44,56,24,31,2045,Coop,0,7220,8,20,-12,-5,109608
2045,Coop,0,7228,8,20,-12,-5,2047,Coop,0,610,44,56,24,31,109609
2047,Buy,0,610,44,56,24,31,2047,Buy,0,110,45,57,25,32,109610
2047,Coop,0,155,45,57,25,32,2045,Coop,0,7236,8,20,-12,-5,109611
2045,Coop,0,7244,8,20,-12,-5,2047,Coop,0,200,45,57,25,32,109612
2047,Coop,0,245,45,57,25,32,2045,Coop,0,7252,8,20,-12,-5,109613
2045,Coop,0,7260,8,20,-12,-5,2047,Coop,0,290,45,57,25,32,109614
2047,Coop,0,335,45,57,25,32,2045,Coop,0,7268,8,20,-12,-5,109615
2045,Coop,0,7276,8,20,-12,-5,2047,Coop,0,380,45,57,25,32,109616
2047,Coop,0,425,45,57,25,32,2045,Coop,0,7284,8,20,-12,-5,109617
2045,Coop,0,7292,8,20,-12,-5,2047,Coop,0,470,45,57,25,32,109618
2047,Coop,0,515,45,57,25,32,2045,Coop,0,7300,8,20,-12,-5,109619
2045,Coop,0,7308,8,20,-12,-5,2047,Coop,0,560,45,57,25,32,109620
2047,Coop,0,605,45,57,25,32,2045,Coop,0,7316,8,20,-12,-5,109621
2047,Buy,0,605,45,57,25,32,2047,Buy,0,105,46,58,26,33,109622
2045,Coop,0,7324,8,20,-12,-5,2047,Coop,0,151,46,58,26,33,109623
2047,Coop,0,197,46,58,26,33,2045,Coop,0,7332,8,20,-12,-5,109624
2045,Coop,0,7340,8,20,-12,-5,2047,Coop,0,243,46,58,26,33,109625
2047,Coop,0,289,46,58,26,33,2045,Coop,0,7348,8,20,-12,-5,109626
2045,Coop,0,7356,8,20,-12,-5,2047,Coop,0,335,46,58,26,33,109627
2047,Coop,0,381,46,58,26,33,2045,Coop,0,7364,8,20,-12,-5,109628
2045,Coop,0,7372,8,20,-12,-5,2047,Coop,0,427,46,58,26,33,109629
2047,Coop,0,473,46,58,26,33,2045,Coop,0,7380,8,20,-12,-5,109630
2045,Coop,0,7388,8,20,-12,-5,2047,Coop,0,519,46,58,26,33,109631
2047,Coop,0,565,46,58,26,33,2045,Coop,0,7396,8,20,-12,-5,109632
2045,Coop,0,7404,8,20,-12,-5,2047,Coop,0,611,46,58,26,33,109633
2047,Buy,0,611,46,58,26,33,2047,Buy,0,111,47,59,27,34,109634
2047,Coop,0,158,47,59,27,34,2045,Coop,0,7412,8,20,-12,-5,109635
2045,Coop,0,7420,8,20,-12,-5,2047,Coop,0,205,47,59,27,34,109636
2047,Coop,0,252,47,59,27,34,2045,Coop,0,7428,8,20,-12,-5,109637
2045,Coop,0,7436,8,20,-12,-5,2047,Coop,0,299,47,59,27,34,109638
2047,Coop,0,346,47,59,27,34,2045,Coop,0,7444,8,20,-12,-5,109639
2045,Coop,0,7452,8,20,-12,-5,2047,Coop,0,393,47,59,27,34,109640
2047,Coop,0,440,47,59,27,34,2045,Coop,0,7460,8,20,-12,-5,109641
2045,Coop,0,7468,8,20,-12,-5,2047,Coop,0,487,47,59,27,34,109642
2047,Coop,0,534,47,59,27,34,2045,Coop,0,7476,8,20,-12,-5,109643
2045,Coop,0,7484,8,20,-12,-5,2047,Coop,0,581,47,59,27,34,109644
2047,Coop,0,628,47,59,27,34,2045,Coop,0,7492,8,20,-12,-5,109645
2047,Buy,0,628,47,59,27,34,2047,Buy,0,128,48,60,28,35,109646
2045,Coop,0,7500,8,20,-12,-5,2047,Coop,0,176,48,60,28,35,109647
2047,Coop,0,224,48,60,28,35,2045,Coop,0,7508,8,20,-12,-5,109648
2045,Coop,0,7516,8,20,-12,-5,2047,Coop,0,272,48,60,28,35,109649
2047,Coop,0,320,48,60,28,35,2045,Coop,0,7524,8,20,-12,-5,109650
2045,Coop,0,7532,8,20,-12,-5,2047,Coop,0,368,48,60,28,35,109651
2047,Coop,0,416,48,60,28,35,2045,Coop,0,7540,8,20,-12,-5,109652
2045,Coop,0,7548,8,20,-12,-5,2047,Coop,0,464,48,60,28,35,109653
2047,Coop,0,512,48,60,28,35,2045,Coop,0,7556,8,20,-12,-5,109654
2045,Coop,0,7564,8,20,-12,-5,2047,Coop,0,560,48,60,28,35,109655
2047,Coop,0,608,48,60,28,35,2045,Coop,0,7572,8,20,-12,-5,109656
2047,Buy,0,608,48,60,28,35,2047,Buy,0,108,49,61,29,36,109657
2045,Coop,0,7580,8,20,-12,-5,2047,Coop,0,157,49,61,29,36,109658
2047,Coop,0,206,49,61,29,36,2045,Coop,0,7588,8,20,-12,-5,109659
2045,Coop,0,7596,8,20,-12,-5,2047,Coop,0,255,49,61,29,36,109660
2047,Coop,0,304,49,61,29,36,2045,Coop,0,7604,8,20,-12,-5,109661
2045,Coop,0,7612,8,20,-12,-5,2047,Coop,0,353,49,61,29,36,109662
2047,Coop,0,402,49,61,29,36,2045,Coop,0,7620,8,20,-12,-5,109663
2045,Coop,0,7628,8,20,-12,-5,2047,Coop,0,451,49,61,29,36,109664
2047,Coop,0,500,49,61,29,36,2045,Coop,0,7636,8,20,-12,-5,109665
2045,Coop,0,7644,8,20,-12,-5,2047,Coop,0,549,49,61,29,36,109666
2047,Coop,0,598,49,61,29,36,2045,Coop,0,7652,8,20,-12,-5,109667
2045,Coop,0,7660,8,20,-12,-5,2047,Coop,0,647,49,61,29,36,109668
2047,Buy,0,647,49,61,29,36,2047,Buy,0,147,50,62,30,37,109669
2047,Coop,0,197,50,62,30,37,2045,Coop,0,7668,8,20,-12,-5,109670
2045,Coop,0,7676,8,20,-12,-5,2047,Coop,0,247,50,62,30,37,109671
2047,Coop,0,297,50,62,30,37,2045,Coop,0,7684,8,20,-12,-5,109672
2045,Coop,0,7692,8,20,-12,-5,2047,Coop,0,347,50,62,30,37,109673
2047,Coop,0,397,50,62,30,37,2045,Coop,0,7700,8,20,-12,-5,109674
2045,Coop,0,7708,8,20,-12,-5,2047,Coop,0,447,50,62,30,37,109675
2047,Coop,0,497,50,62,30,37,2045,Coop,0,7716,8,20,-12,-5,109676
2045,Coop,0,7724,8,20,-12,-5,2047,Coop,0,547,50,62,30,37,109677
2047,Coop,0,597,50,62,30,37,2045,Coop,0,7732,8,20,-12,-5,109678
2045,Coop,0,7740,8,20,-12,-5,2047,Coop,0,647,50,62,30,37,109679
2047,Buy,0,647,50,62,30,37,2047,Buy,0,147,51,63,31,38,109680
2047,Coop,0,198,51,63,31,38,2045,Coop,0,7748,8,20,-12,-5,109681
2045,Coop,0,7756,8,20,-12,-5,2047,Coop,0,249,51,63,31,38,109682
